CustomerID,Recency,Frequency,Monetary
14824,9,4,1127.71
12353,203,1,89.0
16143,2,7,2419.84
13243,202,1,600.07
15101,8,3,310.03
17581,0,26,10736.11
12609,77,3,1126.85
12999,195,3,455.88
12454,52,2,5.684341886080802e-14
16676,33,5,1558.72
13782,12,6,912.0
14035,28,5,1428.02
13505,67,5,4282.88
16283,5,6,1531.51
13639,73,1,1033.34
17569,331,1,344.14
17968,373,1,277.35
12990,30,3,409.5
17438,246,2,378.3
16003,29,5,2735.37
13925,35,5,616.65
18108,248,2,264.65
13133,273,2,109.8
15488,92,1,91.32000000000001
16938,8,5,1903.13
13922,351,1,172.25
14434,21,6,1372.8
15881,311,6,438.24
18114,289,1,220.1
17843,302,1,205.48
14029,62,2,467.66
12743,133,2,546.43
16658,367,1,123.24
15083,256,1,88.2
13389,10,3,797.96
14970,67,4,1592.06
18224,263,1,158.95000000000002
18248,113,3,783.02
16932,52,1,161.94
15366,74,2,602.51
15738,18,17,4788.77
14157,19,3,400.43
17173,4,9,3755.65
16914,35,1,208.46
13520,58,7,3487.75
18245,6,8,2507.56
15208,0,6,867.62
12993,22,4,414.76
17045,112,3,339.44
17846,84,1,2033.1
16655,17,6,3794.52
16146,156,3,734.13
18236,29,6,882.24
13895,20,5,2588.12
14312,46,6,1611.59
17977,28,1,288.14
14032,1,12,2929.84
12594,37,11,3320.2200000000003
16810,191,2,275.64
15747,12,3,974.04
12722,84,5,904.33
14967,49,1,463.8
18251,86,1,4314.72
18096,11,3,911.15
18099,126,1,168.31
13529,78,2,307.76
16667,67,2,570.13
16268,70,2,667.65
17331,123,1,175.2
16015,3,4,690.54
16789,7,1,80.8
12478,3,1,680.99
16411,18,2,214.65
16262,360,1,-31.65
17712,44,1,522.91
14053,123,2,260.25
14565,95,5,3073.77
17837,41,9,1560.53
17849,217,4,605.8000000000001
16131,51,6,3506.54
12847,21,1,871.54
15497,17,3,1259.7
17831,32,1,35.400000000000006
13240,95,4,663.65
16128,17,5,1880.22
13901,71,5,2867.2
15369,143,1,-1592.49
14818,73,3,657.8
15869,276,2,149.64
15872,14,2,360.93
17584,6,3,1227.3
15604,51,1,216.39
13118,19,6,1125.0
13636,36,6,941.62
15759,217,3,253.04
12981,29,2,372.21999999999997
15601,10,15,6745.36
12603,21,1,739.1999999999999
13005,173,3,468.95
13395,184,1,307.72
12585,233,3,1982.81
16804,22,3,536.99
18227,217,1,93.75
13139,15,8,5055.79
14952,45,12,7912.79
13261,268,2,944.1
16271,2,6,1423.29
18120,213,1,111.15
14431,298,2,397.76
12734,352,1,110.39999999999999
14562,3,19,4709.22
14306,50,3,2083.42
12716,3,2,1053.49
16402,264,2,299.6
13898,325,1,155.93
17715,200,1,326.4
15351,11,8,1862.14
13502,16,3,292.0
17456,364,1,249.86
16256,257,2,732.63
16149,4,2,280.52
12728,70,4,836.33
18093,92,5,2083.42
14428,6,6,1230.14
16545,164,1,339.3
14300,18,1,43.2
16536,106,2,539.02
17197,29,1,1013.01
14288,211,2,413.85
13514,73,1,152.20000000000002
15095,103,5,1364.7
16134,21,3,603.69
15500,7,4,1131.56
13791,42,3,1047.68
18239,218,5,1561.6100000000001
14437,142,2,-43.400000000000006
13904,36,2,332.64
17042,2,5,1044.3799999999999
17709,169,1,137.45
17459,42,2,657.3
12457,57,8,1917.78
14693,264,1,172.9
13645,119,1,252.1
18221,21,6,1033.31
18230,8,8,2716.6000000000004
12591,316,1,452.84999999999997
15345,34,2,367.69
13267,2,20,4404.44
14836,9,3,102.44999999999999
15360,39,1,427.93
13136,49,6,2545.38
15232,112,2,612.06
15482,15,13,6568.72
17462,50,3,662.94
14958,146,3,499.68
14163,86,4,2445.91
14684,25,5,1236.28
17063,8,8,1421.59
14178,8,7,1620.93
14291,1,12,3873.3
14705,198,1,179.0
17447,39,2,541.53
14964,246,1,206.21
15363,240,2,318.05
17697,235,1,338.95
15473,13,8,1465.2
14047,8,6,1290.01
15750,2,9,2451.23
17191,27,7,2095.13
17593,3,6,3911.56
14690,43,3,358.61
13109,2,3,766.84
17855,372,1,208.97
14973,106,3,1314.45
12597,18,5,3683.13
16006,210,1,101.4
12719,4,3,608.1
16274,372,1,357.95
15628,4,10,2865.64
17048,114,4,864.32
18117,25,1,320.72
17828,8,5,1599.97
13002,317,1,120.94999999999999
17069,27,10,2655.2200000000003
15622,2,10,3224.53
14842,34,5,2456.8
17980,165,3,811.45
16018,38,2,408.90000000000003
15211,59,2,894.4100000000001
14315,20,7,2456.98
13127,77,1,259.17
14550,10,2,765.62
13121,268,2,254.73
12484,32,7,4495.27
12865,25,3,1548.07
15494,20,2,1299.23
12588,38,1,214.89999999999998
14309,7,10,2319.68
14687,106,1,628.38
16926,370,1,230.25
14702,0,18,3250.64
17962,141,1,102.83
17179,177,3,711.79
16533,18,4,1026.94
17858,5,12,5155.66
16414,21,2,126.25
13398,191,1,457.34
12853,107,7,1881.7
17051,193,1,247.14000000000001
16024,11,1,251.24
13657,10,2,382.14
14449,18,4,907.1
12987,73,3,545.0
17334,300,3,306.6
12871,83,2,380.64
12868,185,6,1607.0600000000002
17965,37,14,2622.57
15089,9,6,2420.84
15866,100,1,230.53
12475,53,1,723.38
12877,3,12,1535.77
17307,364,1,-152.64000000000001
17203,35,6,3563.85
12481,22,11,5590.86
18233,325,1,440.0
15238,28,4,1056.54
13764,70,3,1521.76
16012,34,3,1415.29
15994,54,1,427.07
17188,10,8,2275.58
14946,13,1,100.9
16393,1,14,2941.05
14577,12,4,859.71
17718,231,1,139.35
17700,16,5,2508.89
15863,25,2,68.84
13663,178,1,189.47
13919,52,3,350.15999999999997
12725,370,1,427.8
16807,142,3,1121.59
16527,80,1,228.06
13517,59,4,2109.07
16917,276,1,391.52
14821,366,1,48.800000000000004
17986,55,1,20.8
13246,17,7,1922.1
13523,32,6,3755.38
15485,29,3,2575.0
16405,301,2,167.25
12731,23,13,18793.41
14699,213,1,109.13000000000001
15220,51,7,1758.92
12740,63,1,427.6
16792,281,2,110.38000000000001
17724,57,4,995.6500000000001
15235,217,12,2247.51
14175,50,4,3108.06
16009,21,4,992.71
14553,18,5,859.27
15756,60,4,532.96
16801,162,5,867.83
12347,1,7,4310.0
14044,26,4,652.82
15339,65,3,557.57
14815,36,2,778.5
14297,17,5,1284.06
17054,27,6,1353.83
15610,51,1,112.46000000000001
13642,215,1,354.8
14696,3,8,2070.97
13255,3,3,390.66
16539,2,4,1388.81
12463,45,5,1303.63
17852,11,2,114.34
13651,34,2,94.2
17444,147,3,2940.04
13124,89,3,3866.33
15753,304,1,79.2
15762,64,2,583.75
16542,53,1,119.62
14038,77,4,1554.48
15092,214,2,457.81
17590,1,3,1479.22
17313,17,2,2288.13
15104,166,3,1002.54
12856,7,7,2162.68
13508,243,1,110.97
15348,71,1,158.04
14422,0,6,4263.64
16929,3,7,1295.39
17706,3,18,10097.37
15214,1,8,1661.44
13654,42,6,2707.33
17060,265,1,234.24
17974,24,3,740.79
13258,11,3,698.58
16795,364,1,414.88
15607,336,1,104.76
14440,7,5,2357.6800000000003
14056,0,24,8124.4
12612,57,2,643.59
14050,31,2,746.36
16518,60,3,480.92
16780,99,2,425.19
17703,34,3,798.74
15491,94,7,3090.85
16125,366,1,289.35
16679,365,1,129.75
13115,8,5,2205.63
14711,9,12,2838.2
14041,265,1,141.41
17596,22,7,2827.93
17578,190,2,124.74
17176,201,1,306.13
15223,225,3,454.90000000000003
13270,365,1,590.0
15744,77,1,34.8
12984,18,1,97.5
12350,309,1,334.4
13532,33,1,210.31
14443,53,5,1400.88
12472,30,8,6229.48
17727,8,2,1042.55
15625,99,5,1504.56
14681,70,3,498.95
16140,52,3,703.77
15619,10,1,336.40000000000003
17572,70,4,226.75000000000003
16265,8,10,5423.15
13008,322,2,178.46999999999997
16670,16,12,4022.46
15342,115,2,391.76
14830,52,1,197.13
15098,181,4,649.5
16387,322,1,94.36
17566,7,2,901.21
16923,11,20,6666.83
15226,310,1,154.41
14446,0,4,1039.58
16000,2,3,12393.7
12615,1,4,2291.19
16152,268,1,1829.04
18242,71,4,2232.4900000000002
13130,93,1,64.0
17453,17,2,486.71999999999997
14419,10,6,1058.06
15732,211,2,294.12
17194,273,2,262.62
12600,28,11,2581.04
16652,53,8,6654.26
14184,66,1,452.89
14708,2,4,1096.67
14961,10,10,7006.58
17325,279,1,96.8
13249,91,3,711.41
16399,18,2,408.57
18105,37,1,113.48000000000002
13675,150,2,486.82000000000005
15777,240,5,1021.61
15262,323,1,178.95000000000002
12645,33,5,1755.38
13422,50,2,2601.55
13931,85,3,1230.93
12752,80,1,4366.78
13416,43,2,712.5
17733,38,2,692.19
16182,71,4,6617.65
16161,1,20,5352.97
13300,164,2,365.29
12648,154,1,318.05
14336,16,4,1614.91
17340,8,12,11891.18
16179,60,1,215.83
16188,44,4,981.86
13955,153,2,322.96
13294,189,2,873.74
12630,9,2,1270.88
13011,371,1,50.550000000000004
16968,3,2,439.43
18141,360,1,-35.400000000000006
17468,9,2,137.0
15655,232,2,511.32
13952,210,3,3246.091
15113,9,4,3439.41
14589,371,1,39.75
14321,10,5,1530.75
17739,11,8,2786.05
15384,169,3,635.76
16697,240,1,112.75
14461,147,3,2103.06
17090,3,8,2041.8500000000001
14083,3,9,1018.43
16027,91,7,852.12
15652,90,1,337.74
13169,63,2,712.88
13410,8,6,988.91
15122,84,4,1612.13
15247,121,1,356.0
17343,354,1,193.64
12642,24,3,1013.26
16295,9,4,1328.55
13940,16,4,839.14
13800,309,1,558.32
16036,86,2,758.92
15646,157,4,425.14000000000004
14720,5,3,663.81
17614,56,1,390.07
18126,60,1,206.82999999999998
16432,63,1,287.4
17736,8,4,337.49
12639,238,1,486.1
16947,235,1,406.48
13928,10,4,464.57
14205,10,3,218.78
13806,63,1,256.38
12502,95,5,3723.87
17081,24,2,290.16
18019,51,1,38.45
14059,266,1,183.6
17075,17,5,813.77
14863,28,1,266.76
13803,254,1,277.07
12374,24,1,742.9300000000001
17361,48,3,488.2
16950,56,3,1178.56
13678,151,1,232.6
15381,213,2,596.85
13032,38,3,996.52
16554,2,4,641.55
16834,227,1,413.46
16033,5,21,8727.61
17337,150,5,1944.32
14583,5,5,1052.55
13291,155,1,361.11
15512,155,2,121.0
14470,11,2,461.19
15923,372,1,127.08
13154,143,1,-611.86
13946,78,3,561.5699999999999
12490,4,10,5417.93
16572,126,4,999.7
17218,3,10,1960.72
16170,50,7,1880.4199999999998
14089,56,1,161.0
14851,22,2,511.35
13809,304,1,155.05
15527,18,9,2348.82
14741,11,6,1400.34
16185,16,2,529.41
16313,2,2,274.15000000000003
17230,263,9,3466.67
17623,32,1,527.0500000000001
13160,21,1,91.8
17105,158,2,665.78
17489,58,2,376.64
13434,73,2,534.24
12770,210,1,1351.45
16551,95,3,922.12
15774,68,1,270.8
12371,44,2,1887.96
14452,10,2,264.44
14345,38,1,108.97999999999999
16042,21,6,1147.37
14217,1,18,1925.3600000000001
18129,242,1,112.55000000000001
15119,245,1,266.4
14586,226,2,134.16
16566,14,6,614.01
17608,32,2,193.42
14348,259,1,409.57
13681,17,4,827.83
15658,189,6,958.9
14211,52,10,2208.3
15506,22,3,979.26
14199,217,1,185.39999999999998
14339,234,2,289.90999999999997
12779,20,9,3868.7
18016,31,5,1483.56
17730,2,14,5288.83
17620,59,1,81.44
13404,0,2,252.49
15006,50,1,502.09
18281,180,1,80.82
14071,3,9,1307.41
15920,153,4,167.5
14860,8,2,168.62
13949,2,6,2427.32
17885,11,1,190.19
18123,23,2,589.4399999999999
14866,10,13,14197.45
17346,3,16,2611.58
16959,86,1,117.35000000000001
13297,7,4,2089.85
12505,300,1,-4.5
15110,23,5,970.25
14714,23,1,160.19
16173,15,7,1406.57
14473,73,2,234.34000000000003
13428,9,1,218.47
13934,263,1,922.1
16048,85,3,243.69000000000003
17891,161,1,203.85999999999999
14732,7,9,2686.34
16956,8,2,292.34
16316,63,9,2755.56
14193,67,2,853.39
17879,173,1,178.51999999999998
13023,63,2,689.9
13029,30,3,1247.5
15524,24,1,440.0
17754,0,6,1739.92
13017,6,1,204.0
14342,20,5,607.71
12749,3,6,3868.2
14738,38,8,1289.94
14476,256,1,215.7
15253,15,6,915.3
16560,20,3,816.51
15780,183,3,475.28000000000003
16965,226,1,201.19
15399,0,3,815.77
18010,256,1,174.8
13821,144,2,385.64
16450,149,1,311.92
13937,168,1,158.85
15634,16,1,243.55
17480,73,2,506.51
14208,94,1,151.74
18272,2,7,3064.78
15664,50,2,358.63
16682,4,5,1028.0
17358,302,2,365.85
17498,75,1,272.22
17861,2,9,2059.2
14592,34,3,570.46
14729,373,1,313.49
14723,9,6,1158.3
13145,39,5,614.77
17864,12,3,597.5
13273,112,1,138.98
12910,22,8,3075.04
15637,52,1,223.36
15125,24,16,11117.05
13035,57,3,886.63
16828,92,2,128.5
15795,149,1,610.01
18278,73,1,173.9
12627,10,7,4478.53
13276,63,2,590.9300000000001
16438,5,5,798.35
12755,249,3,2203.2
15917,247,1,123.1
15768,115,4,581.8299999999999
14214,30,6,1000.23
15521,35,9,2574.65
14080,32,1,45.599999999999994
13812,41,3,539.0
17870,1,13,1889.4
13690,58,1,172.25
15396,112,1,288.18
17760,21,2,287.59
13672,300,3,-71.46
14196,106,1,335.52
16447,135,1,259.01
16953,29,1,20.8
15107,310,7,247.66
14875,8,3,1448.72
13431,66,2,1269.1
13827,57,3,412.05
17483,64,3,414.04
14068,319,1,265.85
18150,31,3,566.58
17873,79,6,1764.3600000000001
17221,6,2,335.13
14997,45,4,540.98
18004,361,1,169.47
18135,28,5,681.9100000000001
17492,247,1,374.57
18138,294,1,152.65
13026,0,6,936.15
18144,7,12,2888.75
14467,17,4,598.76
12356,22,3,2811.43
12493,165,3,416.79
16045,119,4,1340.7
13285,22,4,2709.12
15393,15,2,231.86
16429,105,1,284.55
18147,45,2,179.33999999999997
14062,9,12,10464.85
13538,42,7,1280.85
16030,309,1,331.24
14327,162,1,311.65
17206,52,1,204.24
18013,154,2,187.29
13282,17,4,1047.8400000000001
16843,42,17,10183.82
16292,116,2,280.9
16816,102,4,417.06
15783,10,1,246.3
17212,252,1,226.85
12359,7,5,6245.53
13279,63,2,126.30000000000001
17602,1,7,5050.77
13958,371,1,-102.45
14595,19,6,1740.6
12624,105,2,641.13
16688,0,4,1260.86
14988,211,1,334.54
18269,357,2,138.9
18257,38,9,2265.38
16569,2,1,124.2
15265,150,2,1506.1200000000001
15116,17,4,1352.75
16706,36,3,531.35
12895,41,3,347.3
15661,316,2,309.8
14976,56,8,765.86
14333,63,2,351.45
17233,34,1,190.88
16054,144,1,783.9
13151,202,2,1250.3700000000001
12517,27,6,2464.89
13419,63,1,221.06
18260,172,7,2595.0
14869,3,3,721.95
12377,314,2,1628.12
16319,217,1,404.40000000000003
12764,316,1,1693.88
17364,0,12,4455.73
13684,285,2,64.23
15640,3,16,12433.34
16825,38,2,775.1800000000001
14598,43,1,221.97
15789,357,1,351.3
18022,35,1,668.11
13669,50,2,218.55
17486,260,1,396.87
13014,2,11,3365.43
16685,60,2,324.24
12618,21,1,177.31
17236,12,6,916.13
13038,79,3,908.46
17629,5,9,1784.12
13693,324,1,-32.0
16444,45,5,638.77
12883,24,4,703.47
12514,266,1,1017.68
16581,154,2,70.44
12621,1,21,13612.07
16563,53,1,1077.74
16813,7,10,1692.98
16837,30,12,3167.73
14985,197,2,296.75
12508,25,2,398.27
15000,47,1,490.52
14479,253,2,316.25
17867,29,7,622.75
15372,136,1,2007.3999999999999
16557,23,2,281.85
12362,2,11,5154.58
17995,281,1,76.1
16700,8,14,5040.0
14601,10,1,213.96
17096,8,5,992.6800000000001
16712,8,11,3645.43
14857,59,3,1165.65
12383,184,6,1839.31
13166,281,2,414.7
13824,32,5,1698.94
15128,59,5,1419.54
14077,40,5,499.41999999999996
15244,64,2,631.57
17888,18,9,525.78
16423,24,1,346.12
17084,34,2,2949.75
16298,22,3,598.2
13562,81,3,1799.33
16426,1,10,1908.25
16441,66,2,381.2
15899,368,1,56.25
12886,67,3,1351.09
17078,35,2,378.2
16971,2,2,232.20999999999998
15503,362,1,147.09
12365,290,3,320.69
15241,66,9,1738.59
15530,21,4,1502.35
13148,28,13,3348.48
13157,48,5,1721.57
14607,15,15,11341.1
14744,15,8,1088.53
13565,18,2,240.22
16164,16,4,802.53
12904,17,2,509.58
15518,63,9,1911.89
17611,3,16,3947.87
13666,59,3,84.65
13425,107,3,1624.21
15643,178,4,647.4
13142,18,1,307.09
16057,3,8,2140.2200000000003
15786,43,4,4834.2
12758,116,2,2791.59
14351,164,1,51.0
16709,84,5,3029.87
14854,77,8,2749.89
18001,11,2,417.23
12633,58,5,2140.63
14220,246,2,632.4
17742,112,2,355.11
18263,22,4,1211.08
14482,17,6,2068.15
15256,148,1,98.45
17227,18,6,939.32
15649,335,2,816.0
13815,21,5,4014.91
13544,39,2,291.41
17102,261,1,25.5
17495,7,2,497.56
12380,21,5,2720.56
15134,14,8,1387.99
17367,237,1,168.4
12386,337,2,401.9
17349,178,1,110.75
16191,2,14,4913.32
15819,48,4,1905.45
16593,50,3,330.03
16072,287,1,584.3199999999999
12541,29,3,981.18
12785,2,2,305.71
13833,158,1,384.8
16849,186,1,124.57
14512,187,2,275.28
13318,0,3,640.76
15301,50,13,5028.12
17769,12,11,3960.63
16745,86,18,7170.7
14491,174,2,340.93
13589,14,2,379.65
14619,238,2,379.51
14110,3,13,5669.65
14762,263,1,300.52
14360,31,4,2128.23
12651,334,1,114.0
16742,46,2,0.0
14098,36,1,147.35
14756,14,1,738.96
17522,1,5,1070.71
17373,39,4,646.92
12535,91,2,716.35
17391,163,2,508.8
15667,39,1,301.32
15021,8,10,1872.28
15012,53,2,423.04
14640,15,7,2042.15
18165,176,1,302.46000000000004
17382,64,1,65.4
13050,8,18,5684.61
15414,9,3,774.9000000000001
15036,71,3,465.55
18159,300,1,530.15
15289,28,4,935.1
16352,17,2,494.44
14226,28,6,2201.64
17519,16,7,1839.07
17501,220,2,288.6
15417,84,1,508.8
13461,38,3,1445.0
15953,14,9,1634.53
15825,171,1,532.94
13196,10,4,1797.78
14116,19,5,1382.74
17513,71,1,513.2
14381,51,1,202.68
15932,3,9,2461.85
17245,204,1,171.45
15938,111,5,404.58
16063,259,1,335.32
14250,6,3,1904.05
15950,1,5,1705.26
17790,26,14,1965.55
15009,11,3,1261.78
14896,204,2,468.77000000000004
16855,23,2,328.4
13449,23,1,291.88
15563,8,5,1319.69
16584,79,3,908.03
13598,46,2,167.42000000000002
18174,6,1,104.0
17504,205,10,2745.2799999999997
14354,5,2,163.62
17644,0,12,2768.98
17379,10,1,404.66
13973,286,1,264.7
13583,155,1,781.03
17248,119,1,318.65
12657,10,5,1152.06
12666,358,1,-227.44
15411,25,5,1346.38
17394,218,1,203.86999999999998
13976,206,1,357.98
16873,4,7,7066.31
15813,207,2,1303.9099999999999
14232,31,6,2043.93
13988,19,7,4098.8
12812,44,1,229.64000000000001
15402,148,2,626.77
15551,36,1,436.06
14747,247,2,294.3
12678,41,13,17588.26
17763,262,1,15.0
15694,0,15,6423.6
15408,263,1,267.18
12797,359,2,194.18
16480,75,1,769.29
17397,21,2,696.41
16980,254,2,1078.96
12943,300,1,-3.75
12520,78,6,2582.51
15143,225,1,259.45
14881,19,1,255.4
15286,49,1,240.55
14515,17,6,2102.09
14506,16,5,2012.17
15271,6,16,2485.82
14890,253,1,125.65
16200,3,2,1080.6200000000001
18168,175,7,1133.64
16066,16,5,1521.87
15533,18,4,746.92
12550,78,1,964.83
13991,11,7,850.63
16343,15,2,370.47999999999996
17897,172,4,541.1
13336,76,1,795.12
17900,164,3,15.0
16462,63,4,102.0
12672,329,1,225.89999999999998
13711,218,2,252.06
18287,42,3,1837.28
17126,151,6,991.85
12922,160,1,405.38
14494,25,1,139.56
17528,0,9,3540.1
14765,28,3,254.11
17659,3,13,2954.75
16212,18,3,681.19
17781,158,2,188.02
14631,50,3,1006.98
15807,49,3,903.9
13452,258,2,590.0
17921,63,4,826.52
16846,49,1,214.32
15405,188,1,349.1
18177,30,7,1314.17
15280,171,1,113.12
13044,290,1,560.47
13851,95,3,2651.46
18040,18,2,357.20000000000005
12398,45,1,1635.6599999999999
12782,4,6,2273.32
12916,138,5,2982.35
15801,45,4,1042.19
16349,290,1,53.5
13723,216,1,199.85000000000002
16218,29,8,3054.87
17242,107,2,1135.04
17114,5,9,747.22
15158,44,1,401.40000000000003
14497,300,2,457.47
17388,77,4,1259.56
15557,28,1,473.65000000000003
12913,4,5,2483.63
14104,154,2,216.20999999999998
17650,20,1,166.08
17525,359,1,422.70000000000005
14908,73,1,277.8
12919,7,7,1301.44
14488,50,2,1047.43
15033,4,11,2571.02
16322,0,2,326.75
13577,24,5,1658.3
13848,91,3,1255.0
13985,3,16,7024.53
14902,20,2,314.11
16852,9,2,144.91000000000003
16084,298,1,436.18
14375,184,1,257.68
14768,16,3,139.5
14759,4,3,1625.97
15670,296,1,173.05
14241,183,1,213.70000000000002
13068,9,2,344.0
15676,8,4,3324.09
12401,302,1,84.3
15277,46,1,255.89999999999998
17135,15,7,1139.73
12660,10,1,245.1
12925,4,2,694.05
17924,0,8,2894.33
13571,12,12,2092.32
17117,287,1,116.19999999999999
17793,24,1,323.04
17376,70,2,203.2
13845,64,1,312.98
13047,31,11,3079.1
13854,8,26,8025.0199999999995
16986,29,2,1873.2
17239,312,2,379.95
16721,261,1,292.47
13726,38,2,1079.6599999999999
16858,365,2,345.89000000000004
13699,154,1,308.58000000000004
15822,2,2,885.47
15935,238,2,416.86
14119,353,1,-19.9
13187,336,1,236.02
14092,7,15,4063.1
13720,116,4,799.9
15545,53,2,292.71999999999997
16614,182,1,506.19
12681,14,23,13677.59
17906,246,1,72.9
14101,73,6,5976.79
15030,71,2,518.28
13467,10,2,1083.71
14235,9,6,3093.86
12395,15,13,2998.28
15432,22,1,171.19
17138,275,1,380.5
13330,92,3,1140.93
17531,120,2,293.45
13437,13,7,3408.06
13568,172,1,192.85
16078,283,1,79.2
13979,72,1,869.87
12544,29,2,355.7
17001,0,11,3989.57
13321,71,2,567.36
15810,78,5,1145.43
14887,78,1,1862.0
14247,277,1,136.76999999999998
14616,242,3,406.08000000000004
14628,90,2,671.96
15167,320,1,163.0
12669,150,4,1607.73
15539,6,1,538.46
14223,91,4,975.23
18034,21,2,422.88
15679,23,4,781.28
17787,152,4,1865.19
15944,276,1,325.1
16861,59,3,151.65
17894,71,8,1119.81
16995,371,1,-1.25
15274,3,2,716.57
13982,38,5,1861.11
14622,184,1,320.58000000000004
14503,2,6,3543.26
15298,1,13,3774.1
16989,6,6,1133.25
16715,77,1,301.71999999999997
15554,277,1,217.2
13967,145,1,80.7
12809,167,2,484.36
14485,38,1,165.75
16456,98,5,2158.37
13842,58,9,3385.62
12413,66,4,694.15
18171,58,6,1208.51
15691,251,1,136.8
16221,36,3,864.86
13592,35,4,247.95999999999998
16081,55,5,2806.9
18183,217,3,600.52
16468,73,1,74.9
15673,87,4,2881.02
17400,125,5,2129.96
16206,54,4,537.0600000000001
18043,24,3,559.51
14753,86,1,563.15
13708,270,1,296.88
13309,6,5,1456.79
16587,231,1,225.15
12532,29,1,349.83000000000004
17385,14,1,261.11
15804,0,14,3848.55
12410,300,3,681.0799999999999
12547,197,2,207.79999999999998
16209,88,5,2262.62
17370,72,4,446.18
13065,372,1,205.86
14777,3,1,-17.45
12538,28,1,363.95
17647,64,1,133.06
14893,9,2,1237.8500000000001
16983,12,8,1920.2
16611,185,2,120.99000000000001
15024,9,10,1661.33
13184,14,11,1648.79
15292,200,1,180.94
13455,24,3,1007.35
13324,31,11,7072.8
13717,31,7,1432.26
13327,38,9,3617.57
13464,57,1,674.68
13458,6,15,9537.92
14238,325,1,146.85
16992,10,6,1601.8600000000001
14357,42,1,225.77
17111,46,1,248.61
12523,1,12,1745.57
12928,34,5,2062.7000000000003
14500,87,3,356.85
18055,6,11,6752.14
15146,164,3,1313.66
15947,82,1,1708.24
14113,3,5,1377.92
16471,274,1,223.95000000000002
12791,373,1,192.60000000000002
18180,4,6,1843.75
17772,10,2,182.77
17263,207,1,63.440000000000005
12654,10,5,601.98
17912,309,6,295.61
16602,30,2,494.72999999999996
15149,133,1,520.8000000000001
16325,43,4,510.54
15018,38,4,456.26
12940,45,3,876.29
15423,37,1,43.5
18156,12,2,734.94
17656,72,5,1674.69
15429,26,3,364.90000000000003
17123,161,1,345.29999999999995
12937,14,4,1504.27
14229,51,4,1450.6
16596,15,2,250.15
17254,4,2,272.44
14643,169,3,668.61
14625,184,3,848.48
13860,0,6,1240.0
16337,36,1,151.05
15164,68,3,843.05
13062,190,1,346.98
16477,63,7,2494.46
17516,14,5,768.08
17004,45,2,1412.94
16998,149,5,287.02000000000004
14107,51,8,2688.48
17653,28,5,1175.88
12407,49,5,1708.1200000000001
17507,261,2,605.58
16730,51,4,702.79
16203,58,5,589.15
17510,24,1,308.48
17775,254,1,56.4
16718,368,1,623.75
12526,0,3,1316.66
14905,153,3,599.9
16215,80,1,242.35
15426,18,6,1429.9
17251,362,1,283.28000000000003
17007,50,7,877.4300000000001
17266,1,3,310.64
15027,30,5,1051.95
12794,52,2,860.41
14878,12,9,1485.54
16727,363,1,272.82
13705,7,3,711.86
18037,153,6,70.02
16739,171,2,312.55
16340,106,1,549.07
13178,25,11,5725.47
15152,9,14,4684.24
13059,249,1,183.4
16474,6,8,1811.47
17120,232,1,307.46
15140,51,8,2350.0
16483,191,1,139.35
13193,60,1,117.88
14271,225,1,112.32
13083,3,2,303.75
18192,71,1,957.97
12580,246,1,415.7
12434,84,3,765.19
13488,16,14,8910.61
15194,2,16,7521.17
15057,274,2,1489.5
17418,41,2,463.46000000000004
17171,288,1,224.91
18058,9,1,170.16
16364,11,2,707.04
13479,197,3,291.0
14929,31,1,223.88
14533,24,8,1812.6200000000001
16763,184,2,594.9
12577,34,4,595.4
18219,2,11,2019.77
13735,24,5,2766.18
14542,185,1,103.25
15837,64,1,391.98
15447,330,1,155.17
17272,41,5,2144.53
13357,256,1,609.95
17302,14,6,1119.93
17796,39,4,697.9
16108,84,2,816.1
13759,32,2,659.4100000000001
13351,65,1,373.94
16885,14,3,471.51
16644,177,2,833.78
18198,3,18,5083.06
16096,263,1,320.62
15179,17,6,2186.2
14000,205,2,633.71
13470,98,2,165.0
17144,0,2,984.57
14015,52,1,917.34
14655,3,5,1930.15
15590,288,1,-30.19
15048,64,5,380.57
14649,4,4,1417.29
17695,131,2,765.34
12842,69,2,1118.99
16513,4,4,874.59
15706,59,5,1001.8100000000001
17019,10,4,1272.61
13881,3,21,16989.52
15051,22,3,1391.61
12553,7,11,3652.25
17534,53,1,223.36
14408,10,7,2606.53
15572,4,7,2552.86
14286,23,4,4595.81
16379,3,5,2131.9
17022,30,1,71.0
13884,6,6,781.3000000000001
17799,21,11,3026.08
13229,225,1,160.95
15843,303,1,118.95000000000002
16766,272,2,1145.6
18088,60,1,167.67000000000002
17555,19,2,483.26
12824,59,1,397.12
13345,276,2,377.6
15596,100,6,1343.34
17412,2,7,1258.06
12818,177,2,1517.88
12446,57,1,1002.3100000000001
15435,21,1,149.29
13369,353,2,263.75
14676,30,7,2543.2400000000002
12425,77,1,777.2
13491,51,10,1215.82
15709,283,1,133.25
15438,130,1,156.57999999999998
16751,30,1,1764.72
13363,17,2,992.5
15986,29,1,168.12
17537,29,2,897.62
13631,99,12,3021.77
14277,14,4,3957.0
15724,200,3,212.3
17433,87,1,303.15999999999997
15060,7,4,303.09
18079,44,4,3651.97
14146,8,6,2949.57
18213,236,1,232.48000000000002
15197,8,4,656.44
15858,15,5,1438.85
12574,315,1,218.45
15831,57,4,747.76
16882,66,3,705.12
17031,11,2,380.35
17430,32,2,265.76
17954,4,13,2295.37
15569,103,5,1375.71
14679,371,1,-2.55
14810,40,11,2087.88
16748,17,5,1515.9
14548,150,2,652.8
13208,58,7,1205.9
14539,15,2,537.48
16248,61,1,152.94
12705,14,10,6814.24
15313,109,1,52.0
14920,212,2,977.77
14804,8,1,353.27
16754,371,1,2002.4
13863,244,2,299.56
16510,371,1,248.1
15054,11,2,302.1
15185,69,1,310.62
15316,326,1,165.0
17674,73,2,551.04
15465,19,19,6945.0199999999995
16358,0,5,2024.95
14006,115,3,962.19
14658,4,2,247.15
12562,7,7,3781.7400000000002
15584,23,5,722.61
17805,73,1,512.31
15721,11,1,507.08
18064,132,2,814.0
17165,283,1,158.68
18082,25,1,703.37
14792,63,2,0.0
14387,32,3,1770.56
15703,264,1,211.5
14265,108,2,530.18
17153,23,1,213.78
15578,161,1,127.1
17037,77,2,1253.22
13494,311,1,316.26000000000005
15304,60,9,680.3
17415,79,1,507.84
16891,1,5,809.7
17564,23,3,454.01
13238,10,5,680.83
13107,43,5,1524.07
15066,31,2,760.59
12690,205,1,389.01
13875,53,5,1786.79
14524,31,9,1867.68
16897,298,3,213.03
14009,197,3,685.9300000000001
16909,63,2,364.14
14518,63,1,174.37
16120,58,5,1294.14
13232,12,7,1357.6
14801,60,1,193.14
13077,0,4,729.27
17040,137,1,449.73
17284,59,7,1641.68
17817,3,3,387.68
15182,153,2,622.85
17552,42,5,909.96
13893,297,1,821.1
17287,25,7,1064.11
13339,200,1,860.12
13220,77,4,819.2900000000001
17540,8,3,570.4
13762,203,2,3.552713678800501e-15
16626,0,18,4379.65
17930,35,5,1740.48
15965,16,4,845.64
14935,296,1,1784.71
14932,365,1,363.53
17948,146,1,358.56000000000006
14280,196,1,134.04
12845,266,4,354.09
15852,186,2,160.71
15593,70,1,199.8
17942,7,1,77.50000000000001
16376,8,3,977.52
14140,3,3,920.05
15983,21,4,1475.02
13080,178,1,58.08
16367,36,2,804.49
12449,21,4,4067.29
15712,8,5,1072.3600000000001
16227,218,2,308.32000000000005
12815,147,2,1063.46
16242,7,8,3598.26
16617,235,1,151.85
16647,169,2,214.06
17290,3,2,525.24
17820,190,1,-24.05
17299,11,4,669.11
14923,50,1,749.1
13104,2,6,1098.48
14780,54,2,447.68
15980,88,3,2398.86
18189,77,3,1084.34
15450,29,1,429.84
15319,283,1,204.5
12955,0,12,4734.26
17957,65,1,111.68
17686,6,7,5739.46
13866,73,1,145.67000000000002
16778,73,2,245.94
17936,4,1,389.84
16093,106,1,17.0
13753,287,1,741.26
15453,1,7,1388.37
16117,189,1,232.21
12970,6,4,452.24
16757,318,1,106.83000000000001
12684,7,7,2283.63
17159,21,4,1534.73
14259,141,1,120.0
17025,60,3,357.77
14390,9,10,4592.47
16245,23,4,1352.3600000000001
13476,178,3,1092.77
14789,28,1,197.64
12836,58,4,2612.86
13217,121,4,133.62
14795,165,1,131.45000000000002
16102,41,3,1842.14
14125,10,3,2740.43
14667,10,26,9231.2
17549,23,2,148.86
17668,0,2,347.75
14024,121,2,327.7
18067,39,1,396.33
17802,81,4,1251.84
12827,5,3,430.15000000000003
13235,211,2,101.17000000000007
14414,91,8,1485.1299999999999
13994,3,6,2313.14
17951,39,4,990.8400000000001
14155,265,1,118.75
15042,198,1,135.93
16504,24,1,484.38
14530,25,6,2925.91
14128,60,2,637.5
16224,56,4,1295.3
12693,120,5,830.96
13887,203,1,349.55
17278,240,1,246.04
15834,69,5,2084.9
16516,29,1,101.69999999999999
16233,70,4,422.13
18210,1,6,2621.38
15045,151,3,633.66
16641,105,1,231.10000000000002
12708,29,11,2616.32
16906,81,4,579.77
16623,245,1,129.45
18061,21,10,2119.41
16105,248,1,336.96
13482,231,1,184.64
16114,170,1,135.75000000000003
16903,28,1,373.24
15325,103,1,162.29
13348,63,1,233.76
12821,213,1,92.72
13223,199,2,163.20000000000002
13500,22,4,1136.77
13095,70,1,74.39999999999999
15334,156,3,351.67
12830,37,7,6748.4
14396,64,2,487.99
17406,329,4,1928.72
12565,281,2,131.17
17147,22,5,1679.64
12976,211,1,738.6
14262,7,8,2618.23
16099,49,3,731.9
14798,52,3,173.74
15840,58,3,345.66
13366,49,1,56.160000000000004
17427,71,1,100.8
17692,126,5,733.4399999999999
12583,2,16,7187.34
13497,282,3,321.05
12839,2,15,5583.62
12714,8,5,4708.86
14152,74,3,611.09
12428,25,10,7877.2
14256,253,3,935.0600000000001
17293,7,9,1875.1100000000001
17403,35,1,281.62
15307,95,1,205.3
16370,81,4,1320.56
14670,279,2,411.53
16638,22,11,1676.47
16620,3,2,178.96
14149,212,2,259.43
13732,27,1,491.86
12431,35,16,6416.39
15974,38,8,3429.55
17680,23,1,184.4
14012,277,1,328.8
13101,233,1,101.19
13869,122,4,3104.95
14411,310,1,1063.0
16495,2,3,684.41
13744,94,2,1156.36
12571,39,2,519.61
18204,70,4,1979.3
16361,9,4,896.66
15444,8,2,1418.26
16629,73,2,417.73
13747,373,1,79.6
13354,70,1,743.53
13741,71,4,666.33
14143,133,1,115.8
13756,1,15,5145.12
16236,77,1,432.2
18216,30,1,481.75
12556,49,2,603.71
14652,76,1,114.18
14393,217,1,67.95
16498,160,3,86.12
14673,2,5,1736.4
15971,17,12,4199.85
15581,120,14,3429.9700000000003
12952,5,5,1382.8400000000001
15063,212,1,370.79999999999995
17034,15,4,734.5699999999999
15069,178,1,1109.53
12559,310,3,536.21
13607,39,1,678.01
15587,49,4,913.6800000000001
14536,259,1,171.8
14661,26,1,107.95
12949,30,9,4143.02
14021,154,3,631.9
16900,11,4,187.6900000000001
13878,54,1,1281.53
14664,19,2,637.89
12437,1,19,4896.66
15727,16,7,5178.96
12452,16,3,428.57
15462,93,3,234.6
13485,232,1,454.24
15977,16,2,1054.73
13890,0,11,1860.8600000000001
16230,189,2,542.03
18085,329,2,689.95
17561,18,1,167.62
13601,44,2,693.32
13473,60,3,417.54
13750,53,5,1647.26
13211,9,3,1197.42
13610,11,8,1115.43
15700,171,3,664.03
12833,144,1,417.38
12422,95,3,803.5600000000001
17010,16,2,185.46
15855,136,5,712.24
17671,15,5,1284.08
16775,9,11,1695.66
17939,159,1,99.14
15203,25,6,1827.8
17409,184,2,771.85
18073,113,13,3864.44
12702,19,1,219.0
13092,70,6,459.83
17162,28,11,1707.21
15456,282,3,447.22
16769,259,1,380.39
16239,56,3,372.9
15322,63,2,602.97
13226,272,1,108.21000000000001
12967,2,3,1194.75
13006,55,1,81.57
17052,27,1,413.75
18118,10,27,5595.77
15218,10,11,5756.89
15730,65,4,1108.38
13384,30,8,4122.28
15891,226,1,524.52
17704,168,2,885.19
18252,50,2,526.67
14834,17,7,1698.35
14557,63,2,0.0
12726,27,7,2609.1
14682,187,2,52.0
12735,314,2,779.5699999999999
17984,144,1,152.68
17844,106,1,51.559999999999995
16284,30,2,823.97
14578,2,1,168.63
13518,85,1,659.4399999999999
16275,196,1,559.87
13140,107,3,423.72
15358,4,23,8234.8
15745,8,5,1071.24
18097,7,7,2692.85
14420,84,2,385.87
17043,31,4,1735.18
16281,71,1,2062.06
17987,184,1,198.57
16927,115,3,543.05
12738,371,1,155.35
14301,107,2,632.04
14950,8,2,361.25
12592,91,2,437.6
15480,115,1,905.5
17728,3,4,2515.68
14560,6,23,2174.18
17701,252,1,417.95
14432,9,6,2255.51
17576,7,20,3457.78
13926,22,1,223.85000000000002
18237,2,5,987.1
17201,53,1,342.63
15099,83,1,410.48
17978,364,1,300.91999999999996
12875,142,2,343.2300000000001
13372,89,1,378.64
17838,26,6,2312.7
17189,105,2,384.40000000000003
12997,21,5,1197.94
14947,71,2,290.82
16400,94,1,303.93
15471,1,1,469.48
14039,32,1,152.2
12348,74,4,1797.24
13658,9,6,2421.47
17591,72,8,2215.02
12589,28,2,646.68
14185,330,1,197.65
13792,65,2,195.55
13110,30,8,1452.8700000000001
18222,92,1,443.0
14840,267,1,62.85
12744,51,8,9120.39
12723,3,5,725.07
15367,56,5,1867.69
13131,22,4,1039.3
15093,17,7,4410.14
17716,22,12,5505.79
16403,301,2,161.04999999999998
15346,332,1,252.42000000000002
18246,23,2,596.1
14176,296,5,574.0
12717,150,3,980.98
16924,20,4,739.5
14712,28,3,917.07
16808,98,2,288.42
16123,51,1,307.78
16665,361,1,135.39999999999998
16671,27,3,1692.27
13908,79,5,2347.05
16022,259,1,628.28
15343,86,1,364.5
17707,184,2,152.4
14551,17,2,186.23
17442,28,7,2210.2599999999998
17046,156,1,642.02
15992,3,1,41.989999999999995
12872,326,2,599.97
13643,30,3,519.44
15090,307,1,381.32
15227,36,5,1219.4
12982,239,2,377.2
14697,217,2,188.60999999999999
14161,215,3,1110.52
16007,47,4,1701.94
13527,33,8,2263.76
14959,58,5,684.97
13134,72,5,1740.63
17204,168,5,1352.91
17436,1,2,216.29999999999998
13402,126,2,621.23
13637,51,3,810.5
15739,65,1,449.12
16936,25,1,262.68
14057,23,18,6147.4
14813,369,2,155.43
15349,157,2,473.81
13390,74,1,544.08
15483,160,4,233.81
16412,53,1,151.83
17180,55,5,780.38
17698,260,1,154.95
12985,0,3,1215.6200000000001
12354,231,1,1079.4
15605,35,5,1198.23
13917,49,2,272.04
17058,81,3,1179.89
12720,2,26,5713.28
13506,311,3,452.82
16674,54,2,319.61
15888,79,2,141.27
14816,196,1,271.85
17323,14,8,908.99
14554,9,4,2381.04
16141,87,1,620.4
17725,15,12,3371.13
17722,95,5,2380.64
17990,236,3,630.84
13000,106,3,534.85
16915,8,6,621.6800000000001
16546,290,3,-95.93
16385,59,3,555.89
14051,0,24,15477.34
17457,126,5,1737.7
16135,262,1,517.55
16921,60,1,169.79
16784,19,1,107.6
12473,28,6,2848.23
12458,70,2,947.4
12479,3,2,477.3
14292,7,10,4819.33
14450,180,3,483.25
14837,89,5,1641.2
16668,14,6,306.71999999999997
12461,93,2,826.88
15608,27,4,1093.68
17454,191,4,517.53
12878,17,3,841.64
12604,78,2,254.18
14700,31,3,2235.3
13122,93,2,922.39
17969,165,2,228.2
13003,105,3,149.05
12607,57,2,3.552713678800501e-15
13262,262,1,200.29
14953,24,1,289.82
18225,2,13,5361.02
14441,0,5,1545.14
13244,92,1,121.74000000000001
17049,2,10,5594.78
17579,4,4,440.2
15361,361,1,418.92
15867,4,16,3797.79
12729,113,1,453.01
15498,0,28,12396.46
16525,1,27,11895.57
12464,9,8,1212.05
13116,116,2,485.19
17835,2,3,350.64
13524,40,5,680.1800000000001
16257,176,1,46.95
17198,23,3,692.22
15087,281,1,306.94
13256,13,1,0.0
14819,63,2,272.07
17975,14,14,4393.61
18231,191,6,2066.17
12863,51,2,504.2
13271,36,2,178.26
16912,22,12,2528.67
17859,304,1,148.21
13780,6,2,360.01
13396,21,3,1325.29
15206,9,4,420.29999999999995
14188,8,7,2018.91
16659,188,1,39.12
16528,3,1,244.41
13521,0,3,1093.65
16147,133,1,375.0
12851,96,1,135.18
17320,99,3,1200.6200000000001
14944,29,13,5842.95
13634,32,5,1575.16
17186,46,2,144.0
16805,173,2,460.59
18228,49,3,769.2
14173,10,4,450.84
15489,22,4,1090.03
18112,11,2,352.69
12598,9,9,3002.68
12610,22,6,2057.99
17070,113,1,312.14
14572,2,8,2803.69
14426,18,11,3918.9
13381,20,7,3626.81
18240,45,1,422.58
13652,45,3,1095.08
14825,3,12,2226.91
14167,38,4,574.84
18094,81,7,3017.3
16272,116,1,411.7
16781,364,2,294.65
16531,21,7,1244.59
13137,10,9,3605.08
17966,37,5,1098.43
17174,217,1,59.9
15212,238,2,88.94999999999999
12747,1,11,4196.01
14566,110,1,1432.0
14438,305,1,131.9
17329,13,2,523.11
14423,217,1,265.2
16933,0,3,530.08
18121,148,2,673.1
13649,256,2,346.6
16790,3,7,1520.1200000000001
18249,16,1,95.34
16266,73,7,861.89
15998,36,6,3084.17
12616,84,3,657.25
12586,16,2,179.94000000000003
17972,241,1,136.04
14289,8,6,911.26
17582,235,1,175.27
15492,27,2,659.4599999999999
14581,16,1,138.6
14703,14,1,318.17
16394,49,6,1412.06
17448,144,1,-4287.63
16918,49,7,1043.34
14691,30,5,2114.33
14048,276,2,375.13
16406,18,1,163.07
15221,365,2,114.1
13786,366,1,230.39999999999998
17064,58,3,859.35
13268,17,12,3167.64
14965,95,2,599.0
16415,43,1,210.35
15870,32,1,354.09000000000003
14688,7,22,5107.38
16278,22,2,537.83
12857,210,2,1106.4
12613,30,6,3218.98
14974,36,1,114.39
17061,73,12,5116.13
16016,2,9,1483.31
13259,61,1,292.32
18109,1,27,7925.32
16150,38,6,1906.07
13503,70,1,216.85
15364,95,2,913.19
15236,298,1,321.05
16019,1,10,3450.2400000000002
16650,71,1,518.42
14030,17,8,2360.09
13265,52,5,2107.66
16126,28,4,6287.77
16930,25,3,380.55
13375,80,2,772.9
13512,260,1,251.21
16793,56,1,243.84
16409,35,5,2028.88
17719,37,16,5367.8
15757,65,2,714.42
12455,72,6,2466.86
17597,213,1,2044.3700000000001
17073,17,4,1446.09
14828,196,3,2139.76
17832,49,1,155.37
15748,39,1,149.31
15230,238,2,429.6
17466,9,2,763.28
15864,21,7,1769.7800000000002
17856,1,5,1393.79
14027,60,1,104.82
17451,0,8,1648.95
16260,50,1,1035.45
14709,14,14,4911.14
17588,99,3,1240.2
13923,53,1,351.13
12994,3,4,902.22
12732,179,1,236.26000000000002
14304,222,2,197.1
15096,42,1,219.39000000000001
15105,17,7,2298.93
16656,21,16,8568.24
17594,84,2,993.18
15623,140,1,301.03
13509,8,7,979.72
15081,21,6,487.35
13771,63,5,2631.7
12601,189,6,569.5600000000001
15626,74,2,675.8
14179,40,2,719.78
15224,357,3,310.48
15754,50,4,455.67
17317,45,4,2524.02
13911,56,9,2580.91
15861,11,9,3000.36
13914,3,3,613.95
17314,24,9,2514.76
13899,15,2,388.52
16519,24,2,215.07999999999998
16942,12,10,1894.11
14164,70,2,1631.77
17573,28,4,362.9
17460,78,7,452.63
17567,6,9,4012.56
17585,108,4,1133.07
18106,329,1,430.7
14971,34,3,1116.57
17463,15,6,1881.36
15885,92,3,379.35
12991,22,2,503.76
16796,88,1,305.62
16138,367,1,-7.95
17960,170,1,73.78
13533,182,3,270.79
14158,39,1,507.66
15611,9,14,1568.39
16010,245,3,407.5
16653,15,3,1166.92
14045,108,4,1659.75
12476,0,12,6546.58
12866,282,1,559.12
15215,44,4,615.99
14307,88,6,2995.72
15599,26,2,761.74
12854,78,4,1289.15
14962,270,1,126.7
14036,284,1,626.65
16153,49,5,1824.23
15620,49,4,1524.4
15733,282,1,162.3
13774,81,1,345.0
16144,246,1,175.2
13253,156,2,1030.4
13655,113,2,932.97
15355,28,2,277.05
13247,17,4,501.12
17829,298,1,889.24
15075,77,1,773.03
13113,0,25,10510.0
14569,0,1,227.39
13515,72,4,891.12
14295,39,2,154.70000000000002
14447,18,5,1163.23
15882,198,5,495.36
17311,77,2,1384.85
12988,291,1,535.32
14968,29,1,147.59
15602,7,10,1083.63
14054,64,1,92.46
15468,34,3,438.46
17183,7,7,3286.9100000000003
15781,24,4,333.56
15531,7,2,2007.44
17603,49,2,-1165.3
14066,266,1,152.55
17624,14,2,843.48
14081,266,3,904.67
17621,20,4,1336.1
16838,196,3,582.9
15257,280,2,232.14999999999998
18151,134,2,653.35
12515,352,1,383.7
13673,18,2,396.92
13950,10,5,728.56
16055,220,1,134.8
17353,128,2,1740.0
18139,16,7,8393.22
14739,1,8,3899.1
13819,301,3,1140.35
15918,190,2,334.23
16037,269,3,855.02
16701,8,14,5150.2699999999995
17088,27,4,1991.01
13420,134,3,140.35
14340,218,1,134.7
16317,119,3,1341.65
15382,14,7,5927.86
16025,29,1,439.65999999999997
16424,190,2,82.56
14593,21,3,617.99
18133,210,2,715.4999999999999
13548,95,2,682.41
13667,148,1,305.02
17886,31,3,899.61
16308,37,4,2560.0
15254,126,1,300.36
17097,1,9,937.92
16427,262,2,241.06
13027,113,6,6912.0
15897,193,2,222.05
12375,2,3,455.42
17222,64,1,354.15
15269,23,1,408.8
16180,99,9,10217.48
12500,22,12,4206.27
15239,9,3,764.34
17237,10,2,314.69
16680,42,1,183.7
14194,4,22,11216.75
17892,55,3,244.1
18255,88,1,103.3
15123,6,2,2199.31
12750,128,1,275.88
15117,14,6,1550.13
17356,311,1,178.22
16823,226,1,358.38
15653,92,2,877.4399999999999
15528,253,1,229.33
16945,21,19,4345.5
14480,10,1,279.05
12643,127,6,3344.64
14849,21,26,7904.28
16442,1,3,616.79
16040,64,3,1313.55
17865,30,21,10158.54
17344,45,1,160.57
16162,251,1,37.4
13283,59,2,93.66
16558,0,21,8257.04
17469,15,6,1843.06
15376,39,3,1233.3600000000001
14191,1,14,4660.01
14087,2,2,181.67
17341,156,3,781.36
14745,112,6,1167.16
16829,156,1,197.22
16552,242,2,379.73
17874,184,7,658.26
18130,8,4,1045.74
13298,0,1,360.0
12881,275,1,298.0
16034,195,3,437.7
16835,127,2,180.85
16555,34,2,285.89
15379,168,8,3631.8900000000003
15245,133,3,2515.84
15114,29,10,2760.56
18014,27,1,166.42
17490,0,8,1926.8799999999999
16302,107,2,212.82
14206,238,2,308.26
14867,185,4,701.33
17883,2,4,671.77
13292,38,2,578.9399999999999
14730,0,8,2005.06
13429,10,4,1006.8
12649,106,4,603.71
12908,58,3,246.0
12759,51,3,1531.44
16954,0,9,2085.08
17630,169,2,503.59999999999997
16686,46,8,3043.48
16966,7,8,2148.47
15388,269,1,140.54
18142,150,3,1014.9
13033,356,1,190.55
16573,73,3,648.41
15900,23,1,351.11
17481,3,5,1249.34
13149,13,4,1676.06
15516,44,3,62.43
15894,252,2,263.55
16817,2,10,1446.95
13828,21,1,209.49
16448,197,1,188.89000000000001
16168,10,28,3770.6
14215,11,7,1777.92
12372,71,3,1298.04
14078,101,6,1049.37
15909,173,1,191.94
13158,94,4,1201.06
17085,122,6,1555.05
12494,9,8,1139.3500000000001
13953,6,7,3515.68
14221,41,10,3427.85
17734,53,3,700.63
14459,154,1,1837.92
17618,5,3,971.58
16957,238,2,416.64
15129,49,11,3447.4
17228,15,8,1906.09
13557,27,2,584.06
17752,358,1,80.64
15522,32,2,398.84
14090,324,1,76.32000000000001
17082,32,2,2003.85
15132,17,5,977.9300000000001
16159,281,1,348.2
15385,39,1,316.88
17359,10,1,127.86
13697,38,1,151.29999999999998
13801,66,1,324.8
15510,330,1,250.0
14212,89,1,1070.48
13804,30,7,2635.79
13536,0,7,3448.29
15763,31,3,1048.67
15260,99,8,1780.77
14334,16,9,2539.46
13021,3,10,2584.4
17749,177,2,674.52
12488,9,3,1298.66
15373,7,13,2213.11
18282,7,3,176.6
12381,4,6,1803.96
16570,8,11,3622.95
16549,9,10,4154.64
14477,19,5,1307.81
17347,85,1,228.96
15903,9,8,5126.34
16177,49,1,331.95
16052,53,1,362.06
15251,8,12,10327.11
15912,177,2,264.62
13959,78,3,598.2
17758,18,8,3456.7000000000003
14075,4,3,942.26
18154,2,2,399.19
12360,51,3,2662.06
14852,57,6,2836.69
12628,3,4,769.61
16561,5,2,511.12
17862,323,1,330.9
17231,11,11,3127.82
14608,3,4,1785.15
12512,65,2,138.03
16445,33,1,230.51
16811,4,2,547.07
15120,129,2,343.82
16579,364,1,-30.599999999999998
13426,0,11,3550.7000000000003
17213,39,8,2741.08
15644,165,4,813.0
17999,36,2,382.06
16841,36,7,1774.62
13566,40,2,874.71
15507,171,1,492.36
17472,190,3,710.29
18008,69,9,2116.19
16049,39,3,1111.79
15775,244,1,104.9
12756,86,1,112.07999999999998
16186,22,13,3991.94
14462,63,12,1965.9
17496,358,1,271.05
14727,273,1,268.58
15370,40,8,2360.55
14465,246,3,1058.6200000000001
15793,8,4,948.96
17609,40,6,1103.92
12622,231,1,180.1
13813,39,5,1353.41
18127,18,3,348.73
17871,204,1,155.9
13563,83,2,777.53
17100,17,2,971.74
12384,28,3,566.16
16963,186,1,110.55000000000001
16043,37,4,773.99
15004,146,1,1246.32
18011,372,1,102.78999999999999
16689,75,3,303.26
13947,64,1,90.6
12646,4,2,1346.97
13015,52,5,3346.28
13941,21,6,4912.41
13405,73,3,572.451
15787,25,3,948.05
15525,1,4,811.02
14456,4,10,3047.63
14733,8,13,9451.54
13435,4,8,3794.4900000000002
18136,62,4,761.83
13280,121,3,814.86
16814,13,22,6500.6
17091,2,10,3802.81
14870,261,1,327.25
16174,125,3,1009.5500000000001
13956,4,5,1026.42
16832,183,3,199.15
14349,9,1,133.5
12619,15,10,3214.81
17746,234,2,98.8
17475,78,1,194.37
13938,34,1,71.66
12637,66,9,5953.25
14209,10,7,2067.13
17499,289,1,622.88
18273,1,3,204.0
12491,38,1,460.40000000000003
15400,91,6,666.7
12884,87,1,309.05
15921,172,1,336.03000000000003
16418,44,3,675.27
17079,77,1,118.80000000000001
18005,3,2,249.72
12378,129,1,4008.62
17877,169,1,237.61
15504,80,1,52.83
13807,366,1,112.6
13822,5,2,632.0
15263,106,1,156.51
16951,122,4,1262.75
13173,3,2,353.65
13539,85,4,605.84
17362,238,2,312.23
12631,56,1,640.5
13414,133,3,1390.5
16948,138,3,435.02
16820,95,1,497.61
13161,312,1,112.75
17612,52,7,1992.76
12503,337,1,-1126.0
16826,50,1,341.7
15641,104,4,1887.2
14483,149,2,129.2
13417,4,2,640.83
17338,16,9,6612.18
18145,12,4,2861.55
14995,38,2,233.23000000000002
16311,17,2,616.26
14861,51,1,125.79
17094,317,2,270.20000000000005
17368,22,9,1349.52
15266,337,1,119.3
13167,18,4,791.33
15513,30,20,14520.08
12893,30,1,188.14
14873,209,1,519.68
14584,168,5,1029.26
13560,6,1,174.37
12357,32,1,6207.67
14474,42,2,537.71
14218,42,1,169.48000000000002
13685,2,7,3119.44
17615,129,3,329.6
12518,0,5,2056.89
14346,120,2,1021.58
17737,8,2,168.24
17889,211,2,203.87
14331,123,2,462.65999999999997
18276,20,2,323.36
15111,28,3,1567.48
12497,81,1,1043.1
14998,169,2,429.87
17350,7,5,1256.19
16430,56,1,300.85
14352,156,4,1078.96
13551,318,1,91.80000000000001
17076,35,3,841.0799999999999
13030,10,2,799.48
16293,8,11,2236.7400000000002
12902,264,1,138.68
13146,25,1,228.91
18270,37,3,238.95000000000002
17731,78,5,878.2
17234,182,1,149.89000000000001
18261,42,2,324.24
13295,359,2,197.95000000000002
15632,15,9,3147.31
14855,118,2,645.65
15108,141,5,1291.75
16960,38,3,507.05
18017,80,3,523.0
17600,17,1,161.67000000000002
16567,193,2,865.6
16969,38,3,650.41
13170,26,1,116.00999999999999
16287,169,1,142.5
15659,43,1,306.45
14060,4,20,6135.38
13304,350,1,300.42
12625,211,3,2614.32
12890,23,1,380.46999999999997
15790,9,1,220.85
15656,44,4,748.5
17365,12,8,4801.56
16692,255,2,1276.0
12509,283,1,176.5
13155,32,4,971.76
15638,300,1,-94.0
14453,189,1,119.93
16698,226,2,1998.0
16171,58,1,73.2
13932,294,1,307.4
17880,364,1,458.92
15397,289,1,94.0
13816,23,3,555.04
16031,91,2,548.94
16710,18,10,2483.04
12506,232,1,73.5
16156,8,10,3024.62
12753,3,7,21024.01
15135,232,2,127.15
13682,186,1,59.5
12640,23,3,1174.58
15766,63,1,315.06
16305,138,1,361.21999999999997
13810,28,4,899.51
13012,8,9,1311.6200000000001
15906,19,8,1521.79
15007,158,1,156.91
14715,24,4,867.38
13929,168,3,802.85
13670,74,1,349.7
17219,31,1,114.23
16183,66,1,338.71000000000004
16433,27,1,184.26
12762,7,2,1898.52
13277,15,4,258.4
14587,18,10,1598.24
12363,109,2,552.0
17761,32,1,712.78
15394,9,4,2183.54
13301,103,4,618.09
13411,106,1,213.55
17651,11,11,3886.67
13992,29,1,76.8
14894,84,1,655.75
15665,167,2,2242.01
14623,31,6,869.35
17526,0,5,706.7
15671,18,8,2635.4900000000002
17785,52,1,131.94
12417,2,10,3578.8
15153,30,1,329.25
15156,0,3,961.49
16451,87,1,266.97
13700,25,10,2265.12
16341,24,5,1959.38
17654,276,1,117.55
16326,5,15,3085.96
13727,28,2,333.48
14114,273,2,386.53
15683,116,1,193.75
13319,4,27,10664.34
16603,74,2,482.47
13450,26,6,2043.7199999999998
17764,50,2,818.8199999999999
12658,18,1,686.05
15668,217,1,76.32000000000001
17913,58,2,411.6
17383,3,1,199.29
14367,7,17,9167.82
16457,217,1,208.36
15808,305,5,3724.77
12789,64,1,91.85
15677,48,1,657.23
16076,2,11,2173.53
15945,364,1,181.0
15171,324,2,1034.5
13310,8,4,1083.63
12798,9,3,6977.04
13453,165,2,356.97999999999996
15281,58,10,2239.9500000000003
14111,13,5,688.6
15695,266,2,409.98
16469,23,4,650.43
12944,35,2,604.51
14102,4,6,1314.73
14882,26,2,589.7
14224,109,4,1050.12
14382,25,1,626.0699999999999
16210,1,18,21086.3
12402,322,1,225.6
14108,30,3,594.16
16594,74,1,181.09
17377,23,21,3925.92
17371,16,3,423.89
16871,21,7,2761.4900000000002
17520,53,1,546.81
15561,11,5,722.74
15540,10,1,213.3
14355,365,1,174.4
13584,306,1,142.4
17636,8,2,265.93
13200,18,4,870.09
12923,63,1,176.97
15427,32,3,1483.14
15165,372,1,487.75
15406,17,3,426.61
17639,275,1,108.5
16323,195,1,207.50000000000003
16999,22,2,484.82
17895,43,1,98.0
12676,24,6,1331.39
15028,7,4,627.13
14239,42,12,2323.5
17133,15,7,4892.240000000001
18032,333,1,73.5
16597,3,1,90.04
13194,135,1,60.7
14379,43,2,348.1
12527,81,3,348.71000000000004
18044,3,11,2085.65
17633,30,5,1242.34
14772,111,1,139.26
16475,87,4,544.3
13849,51,2,1537.95
13721,35,1,524.14
13962,21,2,169.55
13837,211,2,271.24
17919,87,1,1304.04
12673,4,2,610.52
13182,44,1,121.18
13325,81,1,675.3
15019,266,1,266.0
17267,126,2,317.62
14757,74,1,420.5
13971,8,9,2702.2200000000003
16061,268,1,-29.95
12792,256,1,400.53999999999996
12414,216,3,562.41
13858,56,1,216.17
16332,27,8,1583.2
16978,77,1,344.33
12530,59,5,1623.63
13176,45,1,492.84
14364,108,8,3717.35
13730,135,2,752.6
12405,148,1,1710.39
16859,105,3,473.14
15022,11,4,905.04
15433,78,3,417.87
14897,7,4,1366.38
12539,21,5,3852.5
14626,8,5,2757.07
16085,22,5,981.51
14251,1,5,2879.7000000000003
12938,25,1,114.14
12929,121,2,105.1
14099,15,12,3092.9700000000003
12521,142,1,599.68
18056,287,1,363.65
14885,131,1,765.3199999999999
17898,84,2,152.06
14888,206,1,369.2
16856,14,1,35.400000000000006
16070,21,2,852.15
15802,142,2,-451.42
13715,280,6,1053.94
12390,79,1,549.84
16466,33,7,1603.46
17517,308,1,153.94
13322,16,1,199.48000000000002
15168,25,1,106.56
13831,15,6,2202.99
14236,80,2,490.86
16743,28,8,2191.84
15415,312,1,572.8100000000001
16198,74,1,400.68100000000004
12670,9,6,2986.15
14489,206,1,463.38
15010,35,1,308.94
12393,71,4,1582.6000000000001
16719,14,8,1773.92
16463,20,5,1383.7
13718,245,2,306.55
13974,48,1,413.59000000000003
16847,42,1,193.44
16734,51,3,650.51
18184,14,1,49.8
15951,0,3,669.57
17398,114,3,653.38
13572,205,1,1384.25
16201,2,5,1821.52
17523,10,4,652.74
16722,16,14,4711.21
12664,7,10,4863.88
15680,8,3,1333.68
16987,2,7,1625.05
14385,8,3,202.11
15823,336,2,-840.76
16350,20,5,1100.47
13712,246,1,228.84
17901,28,1,110.38
17255,40,2,298.41
13334,81,3,3536.82
14641,21,1,110.46
17386,7,6,2686.42
15299,66,8,3787.09
12545,74,2,1000.39
13590,10,7,1976.12
14644,8,3,780.46
14498,42,5,1957.32
16600,3,6,813.52
13203,9,4,869.46
16338,156,1,214.79999999999998
14748,28,6,1311.79
16996,29,7,1427.46
14754,44,2,638.05
15826,50,4,1649.3600000000001
15692,27,1,191.04
18178,113,5,1573.41
15290,4,19,7803.7699999999995
13980,59,1,200.14
14638,50,1,443.6
17648,60,5,1789.55
15796,0,9,2666.61
16344,157,1,101.10000000000001
13060,253,1,307.53
14766,7,7,2423.07
15555,11,17,4758.2
13185,267,1,71.4
16213,78,1,159.0
15948,7,2,955.24
13581,308,1,118.0
17502,8,4,689.1
16612,32,4,1187.66
15147,218,2,608.65
14778,126,2,730.86
13587,31,2,347.0
17115,7,4,806.9000000000001
17788,73,2,1117.9
15016,172,1,170.04
14769,2,9,10641.6
12399,118,4,1108.65
16320,171,2,1038.46
15552,216,1,90.12
12783,1,7,1603.87
15537,162,1,110.92
13593,107,6,1990.28
14117,143,1,90.0
16189,15,2,215.48
14632,262,1,114.56
14513,100,4,438.49
14620,203,3,393.28000000000003
17118,317,1,157.02
17508,280,1,387.31
13328,315,1,1308.48
13846,24,4,847.61
14227,25,11,3315.71
13569,16,2,373.75
13048,13,5,1805.91
15549,76,4,1655.76
16728,45,4,1054.67
15421,58,4,950.36
14245,175,3,1677.48
12652,321,2,914.53
16990,218,1,179.0
13596,5,2,697.04
15811,16,7,2171.32
17925,372,1,244.08
16582,112,1,313.62
13045,98,1,305.28000000000003
17505,161,2,1145.84
12548,165,1,95.19999999999999
12536,7,4,4106.82
18160,56,2,638.0600000000001
13575,22,5,732.0699999999999
14093,11,1,442.85
12917,127,1,594.0
16716,266,3,319.8000000000001
12524,8,8,4485.72
12667,57,1,620.13
17124,184,1,298.89
18169,60,1,202.65
14760,293,2,53.8
17002,72,4,1487.78
16454,44,3,-8.15
15025,32,1,377.01
17791,29,1,106.1
18181,23,1,382.8
13986,16,1,320.46
12795,18,1,430.48
13313,21,5,1555.32
13066,23,3,430.9
16725,301,8,775.07
12679,51,5,1058.67
15689,119,2,254.1
13599,0,22,5030.6
14373,357,1,76.55
13456,17,7,1737.8200000000002
17770,198,5,1143.27
14775,57,3,1011.9
15034,15,9,4277.66
15674,72,6,1744.02
15942,133,1,337.44
13989,65,2,1266.08
17642,119,2,712.29
18050,358,1,74.4
15144,7,18,6530.04
18172,14,21,7490.17
13983,29,13,2590.46
15275,30,2,609.19
14501,63,3,190.31
13706,302,1,330.79
18053,65,2,297.07
13447,22,4,1104.23
15287,21,3,485.24
16737,52,1,417.59999999999997
17392,306,2,457.91
16204,22,1,405.71
13069,0,25,3717.82
14242,234,2,280.55
17252,116,2,353.86
18035,35,3,730.4
15543,287,1,127.86
12408,32,6,2842.57
15296,43,7,3610.31
17663,25,8,1788.27
15933,20,3,1107.46
17767,14,1,271.2
14248,317,1,302.58
15412,170,1,190.53
16713,18,16,6840.2300000000005
15939,89,16,6102.26
16984,77,3,4392.42
18041,11,22,4161.14
14495,50,2,123.8
16478,24,3,331.0
13072,266,1,177.15
13188,10,1,114.60000000000001
13709,3,14,6249.110000000001
15031,3,4,668.14
13703,317,1,99.5
17109,28,7,869.6800000000001
12935,1,8,2156.45
15957,31,1,428.89
14507,23,7,1368.18
14504,46,4,673.26
17374,218,2,495.77
15820,319,1,206.98
17904,20,2,178.92
16609,14,8,5450.96
14647,200,1,243.22
14105,84,2,1260.33
17779,20,4,642.17
17514,127,1,208.65
14891,147,2,554.38
13307,119,1,15.0
16079,16,3,1352.0
15805,22,18,5452.17
12920,16,1,164.23
13441,91,1,296.64
16207,24,1,394.38
14233,43,5,1447.51
14629,3,3,939.21
16073,291,2,94.35
17660,140,1,196.0
15150,16,11,5303.97
13075,129,1,919.61
15930,66,1,426.63
15424,253,2,383.34
13462,182,2,143.25
16347,10,2,887.65
15814,2,5,1842.73
16591,68,1,213.5
16850,333,1,332.41
15272,56,2,721.94
17243,0,27,8628.55
16216,266,1,914.9300000000001
16460,27,3,814.72
15799,75,3,884.14
13316,36,5,5815.49
14903,20,6,2744.48
14656,168,2,291.05
17955,198,4,557.3
13471,0,4,2531.58
16359,6,10,1460.3700000000001
14016,153,5,4328.46
14272,73,2,437.96
13477,37,7,1441.53
16624,80,2,810.5699999999999
15204,356,1,316.58
14126,7,4,643.6300000000001
12974,197,1,144.8
16880,30,7,1519.08
17279,57,1,187.82999999999998
12962,6,2,266.39
12581,39,1,197.71
13739,17,1,216.9
13870,1,9,2751.25
13340,44,7,10736.48
12816,95,2,572.2
12831,261,1,215.05
17824,50,1,298.4
15195,2,1,3861.0
16094,11,5,1041.83
13230,3,15,2763.41
16892,0,6,496.84000000000003
13492,135,3,1269.84
12432,42,5,5059.32
15576,37,1,940.6700000000001
16496,8,4,1562.22
13474,235,1,229.59
18202,199,3,1396.99
12703,63,2,274.7
16895,64,1,219.14
13629,22,11,7792.36
15329,34,4,1005.5
12685,27,6,2863.08
14805,14,4,554.65
17154,74,1,329.34
18059,8,4,296.71
16764,3,14,2758.25
12560,4,4,2101.39
14537,57,1,355.56
15174,322,1,135.75
14662,28,4,771.17
16752,372,1,207.5
18193,150,2,212.96
15049,273,1,121.17000000000002
14388,8,9,3172.04
13093,266,9,7741.47
16353,3,23,6675.71
14653,0,7,1947.55
13602,64,1,428.89
17937,8,7,4301.22
16380,60,1,1780.59
15448,312,1,494.64
16883,186,2,276.73
12423,0,9,1849.11
14799,50,1,157.7
17017,2,21,8574.11
15454,361,1,179.1
17163,21,2,293.1
14403,129,5,1426.31
12968,111,1,135.95
17431,312,1,403.3
14915,85,3,258.83
14406,118,1,156.75
17035,245,3,388.33
12438,13,2,2906.85
13370,365,2,721.32
14019,46,4,1398.96
17029,110,2,716.0
15308,270,2,302.27
13876,63,1,122.7
14665,60,6,1258.38
12420,63,1,600.39
14150,35,2,658.64
12709,2,16,9294.1
16097,239,1,185.04999999999998
13078,0,27,12432.28
15046,8,16,5064.01
16770,57,6,744.9
15707,34,4,945.58
18071,257,2,453.0
15704,139,4,2293.62
17011,29,1,270.9
16511,21,3,950.26
14287,7,4,151.23000000000002
14540,9,3,996.26
15445,263,1,113.5
18190,191,3,274.51
14013,109,3,473.02
15457,261,1,237.07
18205,35,2,517.36
17425,18,2,759.17
15832,253,1,836.79
13090,8,15,8689.39
12441,366,1,173.55
16356,197,4,210.32000000000002
16767,30,11,5580.6
18074,373,1,489.6
13632,24,6,2117.02
14132,1,12,3580.13
12572,8,3,1004.72
15853,51,1,110.8
12712,22,14,4241.63
16758,64,1,369.34000000000003
13352,7,2,389.28
18196,94,2,689.13
14022,224,1,440.0
17553,129,1,1487.6
13995,14,6,1383.49
13614,23,4,1610.46
17678,263,1,298.11
13501,242,2,1310.47
13227,201,1,257.7
13885,188,2,506.8
16642,4,3,679.83
15320,43,1,267.13
17538,25,1,98.42
13626,252,1,257.23
14784,25,2,289.99
15052,318,1,215.78
18086,273,1,101.34
14257,50,6,3087.27
14936,8,9,8117.42
15466,84,1,334.53
13212,8,4,780.58
13233,73,2,605.12
15725,14,1,415.25
15335,53,1,173.97
16225,44,5,1096.32
15850,18,2,238.85
12450,155,2,197.88
17669,42,7,3406.7200000000003
14400,140,2,559.7
17556,205,1,157.9
17139,15,13,10585.57
15716,145,4,1118.81
17812,12,4,732.16
15573,31,2,607.45
12834,282,1,312.38
13489,104,4,449.52
15722,35,6,2181.21
16383,74,2,668.36
13358,268,1,439.03
13760,53,2,286.79
17672,43,3,3106.62
14924,245,1,310.05
13221,239,2,847.41
16627,78,1,322.8
15719,32,14,5043.96
15067,77,3,1744.76
12447,242,1,476.49
15990,43,2,792.11
12840,143,5,2714.27
16103,6,6,1429.64
12566,72,2,346.7
17142,238,1,579.0
17684,43,1,239.41
13495,7,6,1990.1200000000001
15332,365,4,1661.06
14525,8,10,4221.37
16484,173,3,379.4
14138,1,2,982.3800000000001
16121,56,2,867.11
12947,143,7,1407.29
15463,28,1,126.14
15856,3,28,16173.67
15579,68,2,348.6
14921,29,2,1316.07
14135,1,15,4690.31
14659,8,10,2456.53
18068,288,1,101.69999999999999
14409,70,7,1908.25
14284,30,3,578.45
16907,28,5,981.65
13617,39,3,544.18
13239,261,1,329.56
15436,11,3,1122.53
17038,29,1,112.4
14001,45,4,2030.3300000000002
13894,21,4,535.97
17535,279,1,164.4
13364,66,2,0.0
13355,121,1,674.7
12953,9,1,329.85
16106,65,1,108.38
13882,2,6,1131.28
13867,30,3,1015.29
13748,95,5,948.25
14522,23,4,974.54
12950,1,3,1843.0
16252,365,1,-295.09
17940,48,11,1983.5800000000002
15987,11,7,1451.28
15314,198,1,327.97
15073,9,4,612.43
15460,353,1,216.76
12578,20,3,2753.36
15180,366,1,87.5
16621,51,4,813.48
17690,29,16,4748.45
15585,176,1,455.3
12551,357,1,168.0
15198,91,2,193.64
17547,371,1,-11.8
14808,39,9,2175.37
13736,4,3,724.0
13236,24,3,727.27
17550,196,3,267.16
17148,51,1,124.88
12828,2,6,1018.71
13099,98,1,207.35999999999999
12426,194,1,582.73
17157,7,3,306.55
14793,3,2,214.14
15829,98,2,636.14
17928,44,2,212.54
16115,9,8,1667.97
12697,20,4,939.02
12822,70,3,918.98
13754,151,2,282.59999999999997
14790,16,4,745.06
13224,59,3,2150.85
18220,219,2,297.78000000000003
14141,2,5,879.0300000000001
14543,3,17,2916.17
16377,266,1,676.2
15058,24,11,2124.9900000000002
16109,218,2,611.88
14918,115,2,1610.15
13742,16,13,3102.42
16755,113,4,1484.63
13483,65,1,140.34
17562,13,8,1107.38
15442,248,1,594.0
18065,5,15,2380.08
16240,7,3,3693.81
13349,10,1,247.32
12444,20,5,5005.46
16493,72,5,1329.66
15981,24,8,3408.48
12688,113,1,4873.8099999999995
17666,3,2,728.16
15201,78,6,927.84
14147,48,3,468.4
16243,33,2,409.1
15567,18,1,186.01
13763,62,2,1689.46
15070,372,1,106.2
15594,15,6,1767.53
12700,7,5,4867.99
16889,194,3,1578.67
17809,15,13,4627.62
17297,16,1,131.78
13611,88,4,1158.2
13209,29,9,5820.16
14528,36,1,364.21999999999997
15963,19,2,470.76
15841,63,5,1209.1
17166,38,3,189.49
17693,135,2,187.02
13102,0,25,6336.29
16505,31,1,777.6
17291,307,1,550.8000000000001
12691,27,6,1035.8
17800,36,9,1199.01
15728,48,1,-134.8
16499,359,3,319.1
13745,150,2,291.54
15847,37,2,389.27
18080,18,2,1231.5
12837,172,1,134.1
12694,69,2,869.67
17946,232,2,149.57999999999998
17288,8,7,1419.73
16761,96,1,316.62
14930,108,3,2372.86
16904,3,16,3754.27
17014,7,4,565.58
12429,8,4,3750.4
12843,65,9,1680.76
15975,83,1,371.01
17282,129,3,1703.41
17931,133,2,408.36
14004,42,7,4582.64
13623,30,6,672.44
18077,7,11,2633.0099999999998
15969,2,4,582.9
15835,43,4,954.09
15701,1,4,1542.14
18211,25,5,600.07
14415,0,14,5811.56
15192,119,3,1044.32
13218,126,1,62.63999999999999
15043,30,1,537.0
17160,30,6,3518.03
16222,317,1,846.72
13751,287,1,296.25
15582,24,3,682.9100000000001
12557,15,5,11990.960000000001
14129,1,5,1123.8600000000001
16362,31,6,652.07
16112,142,4,195.73999999999998
16091,154,2,315.06
13486,77,3,1122.41
16633,16,7,2878.15
16776,59,1,388.28
14534,2,19,4075.35
17806,10,1,546.04
15570,6,13,4109.97
14549,310,1,289.24
14412,34,3,761.3299999999999
18217,28,2,621.75
17419,10,13,4200.97
16374,65,2,473.03000000000003
16898,25,4,444.46
16618,30,6,2630.64
16773,56,1,171.59
15844,45,1,130.73999999999998
16877,11,6,853.72
13343,172,2,303.93
16365,17,9,1540.42
18062,172,3,720.52
16746,4,19,6694.31
13873,119,4,381.7
15186,13,2,411.41
17934,51,2,704.25
17410,15,5,1214.72
15597,29,2,315.71999999999997
16249,52,5,1800.07
12435,79,2,7829.89
17026,184,2,154.82999999999998
15978,76,1,1098.78
14912,16,3,841.52
17169,49,3,816.88
14418,3,3,1937.25
14796,0,18,7839.51
17797,21,3,780.43
17416,29,8,6838.34
12965,88,1,771.91
15984,2,11,2816.97
15326,333,1,311.71
12956,305,1,108.07
17422,15,7,1853.1299999999999
14546,3,6,2487.02
15713,142,3,346.75
16368,1,2,497.43
16639,24,4,1169.38
13888,119,2,605.63
14397,0,20,2556.68
16005,11,4,615.39
16934,54,2,950.9300000000001
12456,43,4,3153.89
14046,283,1,154.99
12855,372,1,38.1
16910,3,8,1510.06
12483,16,9,2327.13
13388,120,3,627.15
15368,20,1,446.94000000000005
12721,31,7,2628.98
13510,0,5,1785.16
12453,133,1,707.09
17958,116,1,508.4599999999999
17047,84,3,1100.9
18226,38,12,5192.1
13635,67,1,1071.03
16279,20,4,1496.68
13394,1,9,2312.8
17312,138,3,644.3
16389,52,5,1362.27
17330,22,2,363.9
14162,173,2,289.36
14293,2,4,1046.56
16803,64,1,332.3
14448,8,2,375.35
15746,133,2,182.96
15734,114,2,1339.45
12462,1,3,1124.01
14299,7,10,2855.35
12715,105,1,353.86
15758,24,1,205.25
13376,98,3,1019.76
12352,35,9,1545.41
12349,18,1,1757.55
16779,1,23,10454.05
16398,144,3,1631.15
14972,127,1,114.77
15350,372,1,115.65
18110,18,2,206.05
18095,312,2,580.0500000000001
14031,6,20,14634.640000000001
15353,254,2,777.02
16401,0,13,4061.24
15225,233,1,409.40000000000003
15749,234,4,21535.9
13650,16,7,1809.34
17455,203,1,131.7
16276,176,1,810.6000000000001
16788,122,2,597.48
13117,21,8,984.91
15341,80,1,2020.52
15874,62,8,4330.67
15755,0,7,2318.88
13516,20,3,1389.41
17193,35,8,1674.46
15996,87,7,1044.78
16413,56,1,262.2
13534,1,26,5613.08
17059,29,5,3095.04
17306,10,20,8600.73
17464,157,1,289.96000000000004
18232,81,5,582.47
14034,21,4,512.02
17303,360,1,250.04
14567,34,3,1524.46
18104,36,1,754.64
18223,1,15,6315.2300000000005
17580,252,3,215.72
15091,53,2,476.96
17175,43,5,1430.94
15883,1,2,396.48
15219,175,1,305.75
12739,77,2,1013.04
16529,189,1,455.25
16931,4,21,4604.22
14424,17,1,322.08
15469,42,3,504.5
16142,249,1,535.34
14576,371,1,35.400000000000006
17848,80,9,901.1999999999999
13769,1,11,2771.87
14573,179,10,1603.72
17854,184,2,311.26
12980,155,10,7092.06
18092,1,12,9065.76
13266,10,13,3717.67
17708,187,2,267.08
14692,136,5,582.05
16916,23,2,576.26
15216,87,1,96.6
15237,1,4,1412.32
17333,85,1,494.25
14561,75,3,1080.76
17827,4,5,1995.46
13900,182,3,740.95
17053,128,2,496.38
14314,106,1,120.0
14055,105,1,725.6400000000001
18229,11,20,7276.900000000001
16657,9,4,933.62
17041,26,4,1065.77
15472,112,1,371.56
16928,79,18,2781.5
17187,226,1,203.95
15103,30,2,703.36
16517,276,1,162.7
16139,18,3,635.41
13379,25,3,572.56
13531,204,2,483.8
17574,242,1,185.65
17050,95,6,3228.84
15886,59,1,181.09
13001,3,14,9797.92
17967,371,1,123.07
13638,15,1,122.64
16782,9,14,2242.25
13513,126,1,205.1
15612,35,2,195.15
17321,7,2,700.86
17190,58,3,249.74
14165,275,1,122.53999999999999
17172,74,2,313.26
14975,56,1,279.94
15621,3,5,1158.77
16535,4,1,593.75
14177,84,5,554.46
17068,11,22,4531.34
16526,171,1,290.36
12995,77,2,200.72
17181,56,2,239.92000000000002
16127,38,1,656.25
13918,49,2,1212.8400000000001
13138,21,6,962.39
14040,40,13,3542.19
17443,219,1,534.24
15630,44,3,1180.4
14451,59,2,662.59
14570,280,2,218.06
14817,199,2,1110.34
16258,44,5,5203.51
18241,9,18,2058.09
15743,15,4,784.46
15609,182,2,270.03000000000003
16806,102,4,801.49
16532,17,3,6748.8
12480,27,4,3281.63
12346,325,2,0.0
14963,9,5,1487.8
17595,11,2,388.79
15234,276,1,197.0
15475,76,1,454.10999999999996
13135,196,1,3096.0
13787,75,2,309.04
14701,10,10,2486.2200000000003
15880,368,2,313.28000000000003
16148,295,1,76.32000000000001
15624,116,4,588.13
13108,372,1,350.06
16678,2,13,3013.83
13004,11,19,5613.43
14951,78,1,311.69
16017,46,1,211.88
15737,14,9,1121.21
12849,30,2,1050.8899999999999
17714,320,1,153.0
15740,48,1,154.88
17062,313,5,534.47
12873,281,1,374.0
12474,16,19,7116.47
18250,300,2,342.92
16404,69,1,443.05
17446,176,2,120.9
13507,2,4,2479.16
15752,39,8,2628.93
12727,10,8,3947.7
14290,10,6,2307.4500000000003
16940,51,3,3049.88
15615,9,24,10360.04
16270,352,1,1141.24
13382,280,1,222.99
14844,63,4,3189.81
14305,70,4,1803.76
14966,14,1,191.32
17571,49,4,1498.51
17836,46,1,110.21000000000001
13397,72,6,1539.18
14171,97,1,363.79
15618,32,5,747.031
14439,319,1,2661.24
12590,189,3,9861.38
17976,371,1,353.19
12864,137,1,147.12
17696,37,9,2201.05
15088,20,3,1140.27
12733,233,1,383.95
15210,224,1,331.18
16011,7,16,3362.71
13522,29,1,125.80000000000001
12724,4,4,1031.41
12611,51,1,1193.32
13126,4,9,2056.29
13772,33,3,1132.13
17970,210,1,582.59
14960,7,2,221.27
17723,126,6,3276.4000000000005
12977,155,1,39.239999999999995
14555,56,2,324.14
14957,252,1,58.49
17964,31,2,471.7
12584,3,10,1893.95
17461,22,3,757.46
16145,8,12,3741.98
14049,16,5,5639.15
17589,59,4,2404.17
12867,25,8,3986.22
16386,28,2,317.2
16648,38,2,270.85999999999996
16660,15,5,810.4499999999999
13504,63,1,295.93
15213,318,3,325.05
16023,45,3,719.81
14180,10,26,4640.77
17985,21,1,634.95
16282,339,1,168.3
14189,1,16,4604.31
14704,10,9,1546.91
13132,261,1,77.3
13784,9,11,2462.79
16136,59,3,709.38
17720,25,4,1195.94
14689,208,1,112.8
13662,85,4,879.08
15079,212,5,893.66
16794,0,11,1201.51
16407,12,10,2126.93
13269,0,16,5315.92
12876,57,2,2218.02
13790,3,1,348.8
12587,7,1,144.0
17071,8,10,2385.48
17979,35,5,737.81
12468,142,3,724.0400000000001
12477,22,7,13117.01
16913,289,1,113.44
16008,23,3,478.78
15865,40,3,895.13
18101,10,2,223.65
17440,147,4,177.1
16255,16,9,2609.3
15606,56,10,2422.64
15493,32,6,1967.25
12852,289,2,299.75
15228,65,5,3376.96
13647,9,5,1670.22
17458,14,1,316.5
14052,19,1,225.36
14174,32,1,134.46
16669,23,4,1370.8700000000001
15344,0,4,476.58
16392,269,1,221.19
16014,35,4,653.13
12989,2,16,6854.51
15889,156,2,446.87
13924,1,7,1682.08
15106,17,6,1407.73
14829,28,5,644.65
13385,329,1,534.57
14820,20,4,507.29
12718,70,1,238.25
16124,315,2,187.15
14582,40,1,114.11
17988,11,8,191.17000000000002
16800,10,1,1201.49
14311,224,2,229.71
16520,185,4,1036.6200000000001
16672,1,21,8093.59
13120,238,1,30.599999999999998
17324,17,4,990.23
15356,30,10,2766.5
13391,203,1,59.8
14841,52,6,3295.76
17830,1,3,398.7
14823,179,3,321.43
14317,64,1,508.58000000000004
16919,155,11,2596.45
18119,367,1,181.12
16020,16,3,851.01
16654,140,5,594.97
14948,22,7,1066.57
15478,39,2,1441.42
14037,175,2,147.20000000000002
13778,102,1,178.7
14954,11,1,336.17
14159,19,12,4678.3
18113,368,1,76.32000000000001
17044,8,2,897.4300000000001
14427,49,2,363.34000000000003
15100,329,4,635.1
17449,1,8,2504.86
17065,142,1,-112.35
12870,365,1,-14.899999999999999
16666,18,1,118.98
13656,164,2,379.65
15365,25,8,1330.45
14710,13,4,606.13
14320,206,3,343.11
13644,8,5,2597.52
12465,7,3,733.89
13519,49,2,110.80000000000001
17309,94,1,82.75
18235,71,3,1796.48
12599,28,7,1032.58
12593,108,3,418.09999999999997
12602,58,1,153.12
14713,8,12,2664.2599999999998
13781,250,1,127.84
15222,318,1,585.0
15484,0,5,3563.11
12736,332,1,234.0
14552,151,1,165.07
16416,26,4,1026.99
13927,74,1,348.99
15076,172,1,880.85
13373,60,3,3312.25
18116,67,8,1418.03
17705,2,10,1781.12
12605,364,1,-7.5
17973,51,1,337.04
13897,49,1,311.16
15993,8,8,2756.82
14436,98,1,89.06
17839,41,1,338.8
14698,1,5,1250.76
13525,14,2,628.78
16523,1,22,9295.67
15877,1,3,440.78
15347,365,1,201.60000000000002
16791,28,8,1706.28
14442,1,3,1544.62
16395,60,5,1486.9
17434,1,8,2333.42
15862,7,4,832.88
12614,277,1,315.6
16261,16,4,746.83
15097,3,1,248.08
12596,50,2,618.27
13248,124,2,465.68
17711,10,2,385.1
14421,56,2,813.11
13260,60,1,557.62
13242,111,3,270.40000000000003
16809,22,6,912.74
13245,50,1,430.5
13659,196,3,1550.85
15603,78,1,48.480000000000004
17702,29,5,1719.72
15916,15,9,1491.24
17759,16,3,834.99
15639,133,1,425.32
14219,3,1,89.94
15118,133,1,244.8
16949,3,7,1161.27
13817,28,2,382.98
12498,20,3,403.70000000000005
17354,50,1,1393.06
17619,311,1,218.52
16836,39,2,251.87
15124,22,2,184.19
13954,1,3,378.59
13558,5,4,605.06
14850,311,2,278.15
15258,168,2,623.16
16315,330,1,226.37
18009,234,2,252.24
12355,213,1,459.4
12361,286,1,189.9
12754,235,4,2949.12
16026,42,1,236.09
17735,1,19,13110.02
12370,50,4,3545.69
16041,30,3,3166.4
16050,173,1,137.9
14737,3,3,1164.55
13951,175,3,674.45
16955,184,5,493.67
12364,7,4,1313.1
14329,8,8,4928.74
17360,16,3,585.79
14856,35,3,1311.3799999999999
17086,6,6,2050.08
17095,21,4,1088.2
16690,43,3,208.63
14716,42,2,329.68
17345,14,4,537.74
18268,133,2,0.0
14210,90,7,1900.89
12358,1,2,1168.06
16556,66,7,3313.79
13272,30,2,276.56
12373,310,1,364.6
17604,216,2,309.36
17470,44,5,1125.07
15773,5,1,635.6800000000001
13933,108,2,608.7900000000001
15002,115,4,1641.76
16812,360,1,479.35
13037,137,3,881.07
17991,224,2,93.35
17747,99,2,64.65
17750,4,9,1797.57
18146,140,2,160.35000000000002
14871,2,4,522.38
14085,1,19,4435.79
17348,14,5,1159.52
15249,31,14,6657.36
16157,15,4,644.24
13296,136,1,87.4
16434,28,7,1522.25
13034,54,2,642.77
16842,63,4,1260.44
14213,371,1,-1192.2
14591,14,4,1447.14
16053,32,2,1511.95
14338,157,3,554.22
12638,32,1,671.69
16160,63,3,1009.4499999999999
15514,11,12,2963.19
18122,7,6,1826.21
16833,0,4,1106.53
14195,201,3,962.7
14198,3,5,663.5
17890,322,2,602.09
16967,188,1,319.02
15133,127,3,982.42
12644,129,1,477.91
12879,44,4,552.5699999999999
16184,63,7,1155.54
12778,19,7,804.23
16038,7,4,454.33000000000004
16425,301,1,302.7
16824,15,2,460.64
18256,354,1,-50.1
15130,169,1,330.11
14076,128,1,122.47
18277,57,2,97.63
13147,9,4,712.8000000000001
17223,309,2,426.79
17226,308,1,393.49
14600,305,1,393.33000000000004
14859,12,5,1352.04
13811,183,4,591.75
15651,36,3,646.3
13302,154,1,63.75
15511,11,5,909.23
15255,66,1,890.85
14475,71,4,799.82
17616,173,3,571.1999999999999
13555,73,4,4149.28
13153,5,1,486.22
14460,109,4,383.34
18018,107,2,122.14
15663,105,1,138.14
14073,20,2,139.54
15502,15,13,5541.46
14457,310,1,113.64
17881,303,1,133.35000000000002
17738,18,5,1863.35
14481,164,2,636.51
16708,45,1,656.63
14079,124,1,375.1
17229,95,2,318.76
17232,2,2,421.52
17878,43,1,379.45
14335,15,2,468.26
15386,185,1,394.14
13162,121,5,1644.99
17080,21,3,285.5
13826,157,2,174.65
12617,28,1,355.53
13930,57,2,337.34
17997,73,9,1511.3
16297,212,2,275.4
13552,65,13,3539.53
13668,2,22,6216.07
18274,17,2,1.7763568394002505e-15
16419,112,7,959.48
12766,3,7,6989.63
12507,133,4,1258.06
12379,81,3,850.29
16696,134,4,657.9000000000001
16303,25,4,5305.83
16309,91,3,686.67
12620,14,3,1339.41
12882,8,2,1463.04
13418,11,19,5845.44
13278,40,1,542.73
18265,71,2,801.51
14865,6,2,52.2
17491,0,11,3541.92
16571,2,4,1285.22
15517,232,1,267.03
15270,15,8,2298.2
17351,35,3,587.15
15267,21,5,1717.36
13013,0,14,4786.99
14987,15,2,326.4
13823,18,2,957.66
14868,2,9,2939.64
15895,149,1,179.17
15901,16,3,363.88
13686,182,1,72.0
12504,17,3,114.0
12635,89,2,1689.18
18006,22,1,444.68
14597,10,2,883.15
13403,17,1,75.0
14204,1,1,161.03
17732,372,1,303.97
14201,59,8,688.04
17217,233,1,113.5
14067,63,2,374.7
16830,38,1,325.91
14585,49,1,157.05
14862,25,2,841.1999999999999
17083,108,3,1405.78
14082,364,1,182.25
16943,211,3,816.73
14350,270,2,258.7
15243,73,1,316.68
15127,65,1,406.53
16952,108,2,167.61
18262,139,1,149.48
18015,3,1,120.03
16711,2,5,1651.03
13171,7,4,426.81
14326,234,2,166.85
15508,188,6,1000.27
14484,49,1,321.92
15526,32,2,148.44
17994,121,5,629.6899999999999
14222,176,1,683.17
15925,193,1,207.15
15922,371,2,363.6
15115,17,1,340.11
13799,116,2,688.86
14353,214,1,90.6
12623,275,1,305.1
12510,142,2,982.5699999999999
16574,70,1,451.44
16446,0,3,2.8999999999941792
14341,44,9,2166.38
13695,30,15,2504.13
13805,51,2,924.6
12647,21,13,3669.92
16181,72,1,305.54
16056,44,1,664.85
13948,360,1,102.0
13016,72,3,789.89
13814,55,3,1562.12
14344,126,8,889.9300000000001
16705,0,21,13946.130000000001
15910,0,8,1232.18
16428,80,1,-2.95
15791,43,3,1604.44
15398,15,3,1339.63
15654,8,2,922.53
16553,162,13,5664.57
12885,62,4,1158.27
17744,3,7,2291.08
13141,84,6,2385.8
12769,238,1,1143.6
15505,52,6,3497.14
14603,274,1,660.0
12909,39,6,2128.83
17613,22,15,4509.37
16961,115,1,234.17
13939,22,4,556.75
14609,71,4,601.56
13564,143,4,647.74
15395,325,1,107.45
14466,28,7,2272.4
18125,29,5,1141.34
12897,204,2,216.5
17887,128,1,111.35
16187,31,16,6841.24
15264,63,1,393.74
14853,8,3,463.05
18143,116,2,1000.16
17863,58,6,3160.0
14740,190,4,1423.21
13936,170,2,361.28
13427,18,3,582.6
15523,83,1,412.01000000000005
17884,3,4,717.45
12516,77,2,1312.06
13808,5,5,1747.66
15532,24,5,1517.08
12757,15,14,4227.7
13028,22,3,659.68
15919,19,2,639.89
14719,1,6,1592.18
16306,213,7,602.27
13802,137,4,3906.27
15392,4,5,1515.73
15660,24,10,1552.01
16440,7,5,3640.67
15782,9,4,2593.94
13284,322,2,196.15
17211,26,9,2299.67
13430,18,3,648.6899999999999
13960,20,2,230.22
14472,103,8,1936.84
14978,71,5,1931.42
13299,267,1,142.5
17628,80,1,75.75
15529,22,12,3967.78
12888,213,3,313.77
13546,11,3,626.99
13159,8,5,1379.75
14722,146,1,187.92000000000002
13165,45,2,1021.48
17101,9,4,1621.73
15389,171,1,500.0
14323,114,3,574.26
18283,3,16,2094.88
12492,62,2,263.21000000000004
17092,49,4,1777.78
15121,49,2,457.72
15785,29,6,2303.75
17866,142,2,325.7
13549,25,8,916.12
15636,89,2,724.76
16172,94,5,1140.21
17601,238,1,116.00999999999999
14216,2,4,1839.3
16449,190,3,674.69
12641,114,1,185.9
15776,132,1,241.62
18280,277,1,180.60000000000002
16169,7,4,1822.97
14981,245,1,102.12
16550,108,6,2266.25
17214,59,7,984.12
12763,137,2,494.08
17860,368,1,252.8
14463,97,3,529.62
16565,363,1,173.7
15645,18,1,612.01
17235,24,2,550.06
13144,332,1,110.95
13168,35,5,1310.14
18149,50,3,612.0799999999999
15657,22,1,30.0
14064,28,6,1188.32
14984,18,2,213.27
14731,46,3,380.02
15380,8,6,1682.3600000000001
12513,84,2,586.79
15907,3,3,967.45
15648,203,3,599.9
17625,17,4,2047.0
14725,24,1,718.08
17220,23,14,3198.25
16431,212,3,642.81
14332,22,3,866.31
12367,3,1,168.9
15898,0,6,1384.68
13680,0,5,2202.31
16681,72,6,1770.34
15374,128,1,168.0
14847,148,1,309.4
12626,22,10,6388.35
15764,80,7,3245.47
15261,134,1,254.82
15252,35,2,740.78
14594,6,2,379.83
13040,8,2,676.99
16318,34,1,328.15
17339,93,2,243.36
12891,185,3,331.0
16178,137,1,197.9
12501,314,2,2089.68
15136,2,5,1282.45
16693,68,2,482.01
17205,53,1,384.08
18259,24,3,2338.6000000000004
15246,237,2,514.15
15904,7,1,164.68
16175,93,4,1037.59
16163,224,3,441.59999999999997
15109,240,2,463.75
13692,24,4,1466.8700000000001
15520,1,1,343.5
12489,335,1,334.93
15139,239,2,178.96
15240,44,6,1685.57
12775,16,6,1351.24
16818,10,12,3317.97
17357,23,2,388.14
13421,39,3,1848.98
12772,59,1,892.47
17869,106,5,428.18
13561,215,1,141.85999999999999
13689,62,1,910.0
12906,11,5,2919.81
15172,8,5,1624.05
18179,8,6,1793.17
15288,42,5,2306.52
13716,268,1,138.28
13719,14,5,1041.68
13835,24,4,834.57
17896,22,1,256.32
16982,60,1,384.06
13311,3,2,598.57
16607,17,15,3038.67
15279,354,2,277.40999999999997
12787,9,3,463.66
13594,52,1,396.97
14895,7,21,11020.26
15669,39,5,677.69
17372,40,8,1342.68
14112,22,8,2774.17
14109,22,2,80.2
12912,2,5,1662.3
12534,130,1,1089.18
16595,60,1,360.16
12531,14,1,125.22
12546,46,3,1141.5
15827,72,15,1641.48
17515,30,4,639.02
14386,296,1,142.4
16202,360,1,365.27
13853,8,2,1056.94
17771,56,2,245.81
15803,50,1,415.82000000000005
12418,112,1,668.58
12680,0,4,862.81
17375,189,4,372.5
18042,53,1,165.04999999999998
18045,44,1,189.4
16321,71,6,230.70000000000002
17768,7,3,2273.1800000000003
14910,2,5,389.86
18167,3,4,1355.51
17253,17,1,178.26
15032,255,4,4464.1
16086,58,6,1119.31
14618,8,4,538.59
14642,58,1,96.12
17917,44,3,341.28
14761,58,2,255.9
13859,325,1,201.16
14904,1,2,1025.44
14246,110,3,1474.06
17777,24,3,665.86
13329,31,3,740.4
14508,21,2,276.42
12659,29,1,91.68
15148,10,1,301.29
12540,19,18,13309.039999999999
14359,18,4,882.58
15407,33,4,1056.44
15544,8,10,3542.51
13856,168,4,363.4
16080,81,3,176.6
13067,81,1,115.46000000000001
17500,16,3,1138.0
15300,63,1,496.44
15023,2,12,6763.16
12397,35,2,2409.9
17643,372,1,101.55
12781,20,3,707.72
14231,178,4,822.0600000000001
15949,16,2,364.72
15014,42,2,260.17
16872,76,3,680.02
13323,2,5,787.85
14621,0,6,1765.76
13314,1,4,578.66
15163,17,2,304.47
17262,51,5,1253.3600000000001
17256,106,2,240.0
12522,38,2,192.72
17125,49,1,259.35
14487,26,7,1183.58
17110,164,1,163.29999999999998
14499,25,3,815.32
13832,17,2,40.949999999999996
14121,3,5,2740.3
13710,31,1,180.48
12650,2,1,314.44
17247,14,1,282.19
17006,4,4,781.78
15821,43,2,570.96
15157,3,4,1869.5
14764,43,2,250.55
14770,231,2,876.42
16327,13,6,3844.22
18170,32,3,980.31
16059,65,6,1459.8600000000001
17530,0,10,2385.0
15797,112,4,2207.4
16193,236,1,314.45
15550,3,4,575.63
12811,260,3,514.85
17527,53,5,888.86
16455,63,7,1841.18
16342,74,4,322.41
15958,73,1,104.35
16586,248,1,463.95
17786,84,2,278.74
13186,39,4,1539.69
15678,52,1,352.7
13317,63,7,2140.07
12674,11,5,1919.31
16848,52,1,281.42
13963,307,4,664.54
14901,10,10,1414.99
12406,21,3,3280.75
12653,148,2,2209.85
13570,242,1,239.49
17134,106,2,425.0
13722,119,4,2369.16
15696,32,9,2644.46
12924,87,5,929.95
17789,280,1,225.9
14779,280,3,386.15
17914,3,1,336.43
17512,28,11,2920.04
16208,44,2,664.26
15434,7,6,997.48
14505,16,9,5818.7
13064,12,4,1119.49
15952,33,4,806.57
15955,23,15,4389.81
13061,71,1,248.61
17920,3,17,4204.1
16985,16,11,5461.62
15419,24,1,135.86
13439,254,1,283.71
12936,16,5,1012.9
15562,351,1,134.55
17637,30,2,547.0600000000001
13046,30,2,629.31
16190,39,1,215.08
16997,287,3,702.0
13728,36,6,1016.14
13850,87,2,1586.81
16324,127,3,428.68
15815,63,5,2100.6
15675,80,3,323.69
12412,74,3,1226.88
15556,23,1,279.77
17384,18,2,336.4
12933,23,4,606.28
15422,322,2,97.7
16345,43,1,575.41
13829,358,1,-102.0
16589,70,3,459.24
13978,14,2,196.79000000000002
15410,83,8,3450.84
17649,134,2,861.74
17908,373,1,243.28
14883,18,7,756.64
16863,28,3,481.35
12784,8,2,574.42
15940,310,2,31.799999999999997
16071,44,1,326.24
12793,334,2,545.48
18027,98,1,115.31
15809,35,6,399.21
17923,281,1,207.50000000000003
16351,332,1,153.9
14639,51,7,2952.34
16482,15,1,220.62
17646,218,4,995.6600000000001
15291,25,16,4596.51
13070,191,1,228.8
17509,57,9,6100.74
16598,276,2,140.7
13707,266,2,806.41
17899,158,1,155.8
17634,35,9,2361.9700000000003
17250,3,2,384.52
17265,138,2,562.9
12665,324,2,61.75
13838,5,4,691.73
17652,24,13,4737.13
14886,252,1,364.8
13576,9,19,6703.3
14645,156,2,597.09
14511,10,6,1267.4099999999999
16729,35,22,7076.28
17238,2,17,3744.65
15038,42,7,665.59
14624,56,2,225.85
15041,169,1,180.35
13725,49,9,1809.81
16470,51,5,757.44
16601,40,1,244.79999999999998
15145,3,4,1194.73
14636,35,2,609.85
12403,49,2,409.7
14368,319,1,155.0
13588,15,10,2445.12
16205,30,4,761.38
14496,311,2,538.8100000000001
13198,9,7,3384.09
13192,94,2,911.94
13308,22,4,1367.6100000000001
16717,8,7,3278.36
15687,8,10,2981.5
15806,45,3,784.58
12656,16,6,3982.72
12519,63,1,340.84
15303,289,1,574.02
15547,6,14,4954.84
18036,31,3,405.62
17259,147,2,603.37
13177,64,1,282.45
13436,1,1,196.89
15297,9,4,635.04
15160,356,1,158.16
13451,25,6,2916.45
17387,19,2,784.11
14776,50,12,2195.58
17122,118,1,138.32
16979,3,7,1809.05
16592,3,17,4073.28
12802,183,2,412.58
18164,30,2,394.7
18176,353,2,448.65
16083,100,2,1317.62
13972,70,2,190.25
16458,2,18,3482.7400000000002
13332,13,1,350.9
13844,10,1,361.62
17396,38,8,7330.8
14889,335,1,135.9
16214,170,3,1062.75
17905,70,4,800.24
16583,373,1,233.45
14502,19,12,2351.02
18048,202,2,172.29000000000002
14907,2,8,3478.85
18024,152,3,236.77999999999997
16461,177,1,151.42
16869,22,5,805.62
15142,45,1,498.74
15416,64,5,3974.37
15565,49,2,173.16
15026,79,3,469.0
16348,31,7,1469.45
16479,9,2,300.83
16723,90,2,589.15
14356,59,3,666.9399999999999
17128,334,1,157.09
14234,21,4,775.46
13058,24,3,271.40000000000003
13305,3,10,2000.86
16866,140,3,207.73999999999998
15812,106,5,1801.14
17765,158,3,371.88
14240,29,2,890.34
14752,43,1,389.64
18185,248,1,304.25
17521,23,4,721.9599999999999
16732,31,1,603.75
16714,218,4,911.53
14514,60,3,1055.35
17631,1,3,528.33
14362,21,1,161.2
16988,4,1,126.12
14880,76,3,706.19
12939,63,8,11581.8
17503,2,2,558.96
17655,10,8,2571.7400000000002
18155,74,4,347.82
12930,77,3,409.9
17268,107,4,763.64
13969,6,19,8986.69
14100,137,1,194.9
12790,191,1,324.92
17658,10,3,485.88
13466,99,2,297.95
16613,69,1,618.59
17524,360,1,145.0
16976,266,1,251.51999999999998
17119,2,3,593.61
16875,63,6,2023.47
13049,63,2,656.6800000000001
15276,65,1,135.31
14755,9,12,4965.38
15553,59,1,437.23
17783,71,2,283.47
17911,8,1,366.23
13460,28,2,183.44
16735,78,6,2269.21
15800,106,2,699.08
14517,32,2,330.45
15690,3,2,239.76
15428,14,1,93.78
16065,364,1,372.09
12388,15,6,2780.66
12394,63,2,1272.48
16062,9,4,1153.62
14758,144,4,1484.06
13052,211,1,348.15000000000003
16720,25,1,155.24
14237,372,1,161.0
16473,164,4,314.86
17506,69,2,294.29
18030,3,3,220.7
12391,21,1,460.89
15681,17,6,946.36
17640,86,1,621.66
17893,224,1,112.25
13183,7,9,3957.78
18161,9,6,1612.79
16464,19,3,1314.68
12808,36,3,483.65000000000003
16851,3,3,342.45
13189,18,2,260.68
15937,63,1,145.35
13984,26,6,488.03
12409,78,4,11056.93
16738,297,1,3.75
14383,37,3,1247.69
15535,172,5,459.9
18033,64,1,97.97
14243,8,11,2535.88
16610,218,1,75.66
16217,234,3,259.39000000000004
13448,16,7,3465.67
15541,113,1,85.13000000000001
13591,64,3,1117.13
17131,4,5,2463.17
13975,30,7,2503.23
13579,14,2,467.04
14371,294,1,100.5
16726,25,5,1382.02
12668,6,5,3743.18
13704,4,10,2295.31
18173,86,4,2106.84
15017,33,1,125.58
12528,8,7,1922.28
12662,0,12,3817.08
13043,253,2,471.57
17774,96,5,1215.46
16744,10,7,1304.76
14627,311,1,-21.85
13990,212,1,311.3
14898,22,7,1228.32
13841,252,1,85.0
16330,17,4,242.21
13174,15,3,2817.03
16211,80,2,542.77
12942,130,3,683.9
12915,148,2,363.65
13320,69,5,1491.7
17244,52,1,954.9
16339,283,1,109.95
17107,32,7,10380.43
15035,89,1,252.73000000000002
13573,49,2,294.4
14377,190,2,617.05
18158,8,3,451.75
14493,6,6,2362.84
13055,63,4,1201.96
15154,73,2,240.27
14633,265,1,344.90000000000003
14258,8,10,12650.08
12704,6,9,2220.84
13621,116,1,213.85
15708,40,8,3329.7200000000003
18084,15,2,87.52999999999999
14657,17,5,838.27
15065,37,5,3135.98
15440,54,3,383.68
17694,141,1,283.12
13600,311,1,219.52
14666,23,1,195.25
17298,100,2,498.42
17405,0,4,967.22
15443,1,8,3212.16
15860,40,8,977.21
17033,85,3,1030.14
18075,22,11,2538.7200000000003
14404,33,7,1434.72
18218,205,3,626.38
15589,252,4,456.58
13615,312,2,399.99
16247,169,1,114.56
15330,31,2,714.96
14130,318,1,483.86
14139,45,1,415.82
14133,129,4,590.3399999999999
16107,17,7,3204.1600000000003
15458,24,1,161.64
18200,105,1,163.8
12561,302,1,238.85
12552,38,2,437.82
15577,150,3,258.88
13868,6,2,3192.54
15044,18,18,7629.38
13630,4,8,1995.68
12832,31,2,383.03
17950,71,4,472.12
14532,235,4,932.85
12421,15,5,806.27
15970,303,1,314.1
17673,0,7,1622.22
14261,50,2,1163.45
13097,32,11,5893.32
16119,7,2,423.36
16756,214,1,239.4
13871,22,14,6389.8
16360,4,7,3411.69
14806,74,1,193.39000000000001
16881,66,1,432.0
15318,3,1,312.62
12448,43,1,449.45
14675,15,1,604.75
15598,34,2,235.68
15857,18,1,297.0
13079,3,5,220.10000000000002
14660,86,2,285.74
13481,45,6,1776.81
15327,52,1,208.75
17164,32,8,2466.4
17941,130,1,304.56
16762,19,3,1501.38
14651,66,2,654.6
13103,39,1,243.94
17670,227,1,205.7
12683,3,16,8221.09
18194,63,2,896.0
12427,11,4,708.37
17676,3,7,1383.27
17295,28,3,556.95
12966,9,1,160.18
17402,4,13,2633.85
13365,8,3,2191.22
18078,216,2,336.13
13999,9,13,3865.26
13341,260,1,775.85
12701,79,2,797.71
16515,51,5,1627.13
12567,22,11,9114.94
17155,17,2,251.70000000000002
12957,3,9,3979.04
14788,6,2,679.4399999999999
16902,115,1,1706.88
15988,18,1,158.03
14020,16,2,642.8
17956,248,1,12.75
16488,32,4,492.2
14782,319,1,200.10000000000002
12442,2,1,172.06
16253,31,3,3665.62
16506,19,2,90.30000000000001
14937,56,4,1617.63
13338,153,2,431.82
14803,161,3,845.55
14520,1,2,270.6
14416,21,2,490.22
13475,190,4,1431.78
13883,0,6,2538.75
16485,76,1,363.65
15452,29,3,538.73
16899,7,6,1281.56
16747,24,3,826.96
14282,2,15,3729.34
13207,14,2,250.26000000000002
15839,24,4,1020.74
17426,3,7,5022.26
18087,97,3,3770.1199999999994
16357,32,3,658.88
16750,44,5,623.93
17289,31,4,936.16
18215,88,1,299.34000000000003
17819,71,8,3661.0699999999997
15181,65,4,680.28
16229,86,2,1010.6
14142,372,1,311.81
16643,245,1,487.51
14395,1,10,3471.91
18081,35,3,343.45
12433,0,7,13375.87
13886,70,1,243.56
14800,47,13,4236.34
15836,44,2,117.47
16098,87,7,2005.63
16619,253,2,204.41
12582,238,2,511.36
17274,34,1,111.97999999999999
14389,8,3,999.72
13210,93,1,353.48
15178,259,1,40.5
15717,233,1,150.3
14931,4,6,964.6800000000001
16113,182,1,161.38
15306,63,3,1174.35
14148,233,1,157.2
12424,162,2,1760.96
16771,32,5,2246.81
17667,65,5,2055.51
13085,157,3,272.38
15184,28,2,406.76
12695,6,4,582.1
18188,14,4,1998.49
16893,366,1,145.93
14264,154,3,319.47
15199,58,4,1268.7
17554,0,5,1952.45
13487,57,3,575.4
16768,47,4,458.04
17557,13,3,541.46
12963,7,9,1841.03
17024,44,3,95.85
17685,16,7,3191.53
17536,176,1,76.5
12430,42,1,256.4
18212,325,1,248.42
15074,104,1,748.87
14285,20,4,1910.01
16878,24,2,0.0
12451,10,6,8933.52
13347,69,1,341.36
12436,99,1,509.01
14410,15,10,576.3
13606,28,3,280.53999999999996
12823,74,5,1759.5
14407,106,7,2111.08
14276,87,4,1019.39
12948,15,8,2053.7
13731,218,2,610.59
15568,2,3,758.29
17560,94,5,854.95
15175,71,1,224.14
15985,122,3,1037.42
16244,211,2,1522.75
14523,107,1,241.09
17030,63,1,146.87
13892,26,4,632.97
12686,371,1,89.14
17286,21,1,153.92
13499,17,6,1146.96
16116,205,2,592.88
17813,13,6,1714.6
12689,25,2,1247.61
17551,358,1,306.84
15729,197,2,62.0
15720,23,1,598.73
13082,125,10,3595.48
16491,46,1,731.5
17140,246,1,465.32
17146,105,3,749.78
16101,8,2,1245.96
16759,7,4,772.84
15071,93,2,982.07
13356,79,1,768.24
16628,29,6,2183.04
13493,274,2,618.63
17301,20,1,197.63
12814,101,1,125.92
15312,74,5,921.1
15845,17,9,3650.87
15315,63,3,551.54
16494,296,1,826.53
18203,156,1,160.42000000000002
14124,83,1,419.58000000000004
16092,98,4,779.36
16104,61,1,302.36
15714,11,2,330.88
14672,234,2,765.55
16777,79,2,226.35
17423,44,3,663.63
15574,177,4,702.25
13094,20,13,1708.8600000000001
16887,34,1,194.88
12826,2,8,1468.1200000000001
15976,164,2,430.94
15723,364,1,203.1
15205,84,3,648.8299999999999
13213,56,6,1518.43
14267,150,4,1279.09
13740,240,1,350.75
12829,321,3,253.05
13880,20,13,3219.77
18072,154,2,-5.329070518200751e-15
14535,58,4,2841.09
14154,238,2,1345.62
16354,62,2,395.8
16366,18,1,327.3
16616,14,2,500.42
15449,25,4,971.22
12564,260,1,456.9
13627,58,6,1624.02
14916,70,5,1264.84
14002,133,2,529.73
16497,49,6,2965.69
15062,70,4,987.86
15705,200,1,143.1
17015,28,3,1842.56
14270,331,1,492.65000000000003
13862,17,9,2187.31
17027,78,7,848.59
15047,269,1,343.62
17432,17,2,365.76
12713,0,1,848.55
13877,85,1,117.24
13752,123,6,1186.28
16625,274,1,333.08
15068,45,2,553.36
16363,52,1,109.36000000000001
13368,256,2,623.4
14401,3,14,4039.98
12817,280,1,166.04
16110,44,3,1337.48
13344,67,3,2543.72
16378,246,3,362.95
16884,37,2,429.84000000000003
15321,48,4,2650.73
12838,33,2,683.13
16384,89,2,584.5
14785,9,2,77.4
14934,72,3,1888.84
13743,2,8,1340.1499999999999
12951,8,7,1042.07
13484,240,1,313.8
14127,122,3,709.71
17795,179,2,350.39
14529,59,3,620.04
17542,269,1,170.75
12579,72,2,410.72
17545,42,3,645.96
13091,20,2,319.82
14538,64,2,388.25
17429,120,4,512.12
13106,128,2,59.5
16637,31,5,1124.59
18209,28,1,139.10000000000002
13216,267,1,333.74
16250,260,2,389.44
13993,31,10,3409.66
12844,28,2,325.96000000000004
17158,31,3,1266.97
17932,28,3,1331.57
13362,2,5,3085.4900000000002
16774,67,5,654.92
15571,11,4,650.4300000000001
15699,17,1,309.65
17548,217,2,-141.48
14273,50,4,559.97
14014,76,1,505.18
15053,4,3,697.79
18069,25,6,2021.82
14669,241,3,1269.99
13758,11,7,3190.55
13225,2,8,6083.04
17679,52,2,1992.1100000000001
14413,361,1,122.7
18191,261,1,207.79999999999998
16509,296,1,363.7
16753,57,1,223.92000000000002
14023,6,2,584.07
15592,46,1,388.58
15464,337,1,1048.85
15854,3,12,2974.65
17929,10,5,834.5
17408,162,1,32.65
13874,357,1,540.45
14794,2,8,1272.11
13737,199,1,339.59999999999997
16905,4,8,3085.48
15187,1,17,4670.08
17411,11,4,748.94
17816,36,4,36.56
17152,194,4,1503.5
16503,106,5,1421.43
17420,49,3,598.83
14005,9,5,2874.72
17414,43,2,778.0
13359,58,2,431.26
16500,4,6,400.86
17664,18,2,604.64
15973,235,2,99.77000000000002
12445,21,1,133.4
16122,72,4,684.4200000000001
17018,40,2,920.1
17691,357,2,290.40000000000003
16226,202,3,255.12
15193,60,1,499.32
13889,92,1,416.90000000000003
14544,23,2,2024.45
12576,35,6,1306.98
15059,40,10,1325.82
16369,17,3,1553.66
13755,3,10,2154.68
17926,132,2,397.29
15467,8,4,511.88
16634,222,2,217.9
16241,9,13,2607.87
16232,32,5,983.23
12558,1,2,1.0658141036401503e-14
15437,261,1,200.16
15967,22,2,418.83
15333,207,1,1028.56
16372,32,2,367.93
13496,10,3,617.93
14547,3,9,3986.7400000000002
14541,58,8,1461.65
13350,15,3,910.72
17277,227,2,1065.3500000000001
13865,57,4,501.56
12820,2,4,942.34
12710,96,4,1130.57
18066,74,1,318.0
14913,35,4,1227.43
17935,137,2,145.79
14145,46,5,3148.2
12707,291,1,603.42
17682,9,7,2459.33
12573,226,1,160.54000000000002
17947,36,1,176.68
15050,24,4,1727.17
13761,49,2,1070.65
13228,80,1,358.0
13603,25,1,164.34
12945,287,1,462.95
16235,40,6,858.41
12841,4,26,3876.4
15830,28,2,547.7
16765,293,1,34.0
13618,173,1,177.34
