CustomerID,Recency,Frequency,Monetary
17069,27,10,2655.2200000000003
15235,217,12,2247.51
13115,8,5,2205.63
14443,53,5,1400.88
13520,58,7,3487.75
13261,268,2,944.1
17054,27,6,1353.83
17828,8,5,1599.97
16015,3,4,690.54
13517,59,4,2109.07
15759,217,3,253.04
15744,77,1,34.8
13136,49,6,2545.38
17307,364,1,-152.64000000000001
16938,8,5,1903.13
17578,190,2,124.74
18251,86,1,4314.72
14702,0,18,3250.64
12740,63,1,427.6
16405,301,2,167.25
17962,141,1,102.83
13002,317,1,120.94999999999999
17438,246,2,378.3
18105,37,1,113.48000000000002
17849,217,4,605.8000000000001
16268,70,2,667.65
12463,45,5,1303.63
14047,8,6,1290.01
17325,279,1,96.8
16018,38,2,408.90000000000003
13130,93,1,64.0
16125,366,1,289.35
15351,11,8,1862.14
15488,92,1,91.32000000000001
16262,360,1,-31.65
18224,263,1,158.95000000000002
17194,273,2,262.62
17581,0,26,10736.11
15220,51,7,1758.92
18227,217,1,93.75
16009,21,4,992.71
13651,34,2,94.2
16780,99,2,425.19
16542,53,1,119.62
16003,29,5,2735.37
12853,107,7,1881.7
13118,19,6,1125.0
16527,80,1,228.06
15363,240,2,318.05
14836,9,3,102.44999999999999
14961,10,10,7006.58
17173,4,9,3755.65
17858,5,12,5155.66
14038,77,4,1554.48
16149,4,2,280.52
15762,64,2,583.75
13901,71,5,2867.2
12347,1,7,4310.0
17462,50,3,662.94
12847,21,1,871.54
12877,3,12,1535.77
14952,45,12,7912.79
14681,70,3,498.95
14842,34,5,2456.8
15238,28,4,1056.54
13398,191,1,457.34
14434,21,6,1372.8
15863,25,2,68.84
17724,57,4,995.6500000000001
14163,86,4,2445.91
14687,106,1,628.38
12457,57,8,1917.78
15872,14,2,360.93
13267,2,20,4404.44
17712,44,1,522.91
12475,53,1,723.38
12743,133,2,546.43
14821,366,1,48.800000000000004
14178,8,7,1620.93
13895,20,5,2588.12
14440,7,5,2357.6800000000003
17188,10,8,2275.58
15098,181,4,649.5
12594,37,11,3320.2200000000003
12353,203,1,89.0
14175,50,4,3108.06
15360,39,1,427.93
12987,73,3,545.0
15473,13,8,1465.2
18230,8,8,2716.6000000000004
12728,70,4,836.33
13008,322,2,178.46999999999997
15866,100,1,230.53
17715,200,1,326.4
16402,264,2,299.6
13109,2,3,766.84
14693,264,1,172.9
12472,30,8,6229.48
13642,215,1,354.8
15500,7,4,1131.56
14422,0,6,4263.64
18233,325,1,440.0
12615,1,4,2291.19
17569,331,1,344.14
16393,1,14,2941.05
18114,289,1,220.1
17456,364,1,249.86
17831,32,1,35.400000000000006
14815,36,2,778.5
13514,73,1,152.20000000000002
14967,49,1,463.8
13782,12,6,912.0
16652,53,8,6654.26
12609,77,3,1126.85
13764,70,3,1521.76
14562,3,19,4709.22
14431,298,2,397.76
14044,26,4,652.82
16807,142,3,1121.59
16810,191,2,275.64
15339,65,3,557.57
17566,7,2,901.21
14446,0,4,1039.58
13395,184,1,307.72
14684,25,5,1236.28
18093,92,5,2083.42
18117,25,1,320.72
16024,11,1,251.24
15497,17,3,1259.7
16655,17,6,3794.52
14958,146,3,499.68
14309,7,10,2319.68
13124,89,3,3866.33
15104,166,3,1002.54
13657,10,2,382.14
17974,24,3,740.79
12993,22,4,414.76
14708,2,4,1096.67
13270,365,1,590.0
16146,156,3,734.13
15208,0,6,867.62
16256,257,2,732.63
16795,364,1,414.88
17703,34,3,798.74
14711,9,12,2838.2
14050,31,2,746.36
16271,2,6,1423.29
16667,67,2,570.13
15345,34,2,367.69
15092,214,2,457.81
17051,193,1,247.14000000000001
18096,11,3,911.15
17447,39,2,541.53
17986,55,1,20.8
17042,2,5,1044.3799999999999
13654,42,6,2707.33
14964,246,1,206.21
13139,15,8,5055.79
16399,18,2,408.57
12984,18,1,97.5
16676,33,5,1558.72
17048,114,4,864.32
18120,213,1,111.15
18099,126,1,168.31
12722,84,5,904.33
14056,0,24,8124.4
14029,62,2,467.66
13133,273,2,109.8
17313,17,2,2288.13
14315,20,7,2456.98
14288,211,2,413.85
16929,3,7,1295.39
17045,112,3,339.44
14705,198,1,179.0
17203,35,6,3563.85
17593,3,6,3911.56
14312,46,6,1611.59
15226,310,1,154.41
15083,256,1,88.2
14818,73,3,657.8
12588,38,1,214.89999999999998
17718,231,1,139.35
14306,50,3,2083.42
16914,35,1,208.46
16283,5,6,1531.51
16533,18,4,1026.94
15089,9,6,2420.84
17977,28,1,288.14
12716,3,2,1053.49
15753,304,1,79.2
17852,11,2,114.34
13898,325,1,155.93
16140,52,3,703.77
14437,142,2,-43.400000000000006
17334,300,3,306.6
12999,195,3,455.88
16536,106,2,539.02
14577,12,4,859.71
16000,2,3,12393.7
12585,233,3,1982.81
16411,18,2,214.65
13925,35,5,616.65
18236,29,6,882.24
15607,336,1,104.76
12603,21,1,739.1999999999999
15750,2,9,2451.23
12725,370,1,427.8
17706,3,18,10097.37
17837,41,9,1560.53
17453,17,2,486.71999999999997
17197,29,1,1013.01
15738,18,17,4788.77
16012,34,3,1415.29
14690,43,3,358.61
12600,28,11,2581.04
16917,276,1,391.52
16923,11,20,6666.83
15604,51,1,216.39
16679,365,1,129.75
16539,2,4,1388.81
18248,113,3,783.02
16658,367,1,123.24
14428,6,6,1230.14
15482,15,13,6568.72
16792,281,2,110.38000000000001
15369,143,1,-1592.49
17590,1,3,1479.22
18108,248,2,264.65
17968,373,1,277.35
16804,22,3,536.99
16518,60,3,480.92
15101,8,3,310.03
13532,33,1,210.31
18242,71,4,2232.4900000000002
15211,59,2,894.4100000000001
13389,10,3,797.96
15628,4,10,2865.64
17584,6,3,1227.3
14830,52,1,197.13
14565,95,5,3073.77
15223,225,3,454.90000000000003
12990,30,3,409.5
13005,173,3,468.95
12856,7,7,2162.68
15214,1,8,1661.44
12865,25,3,1548.07
16134,21,3,603.69
14291,1,12,3873.3
15732,211,2,294.12
16143,2,7,2419.84
14032,1,12,2929.84
17697,235,1,338.95
15342,115,2,391.76
12731,23,13,18793.41
17855,372,1,208.97
13529,78,2,307.76
17459,42,2,657.3
13127,77,1,259.17
16274,372,1,357.95
14449,18,4,907.1
14946,13,1,100.9
12350,309,1,334.4
14550,10,2,765.62
15619,10,1,336.40000000000003
17179,177,3,711.79
13249,91,3,711.41
13508,243,1,110.97
12868,185,6,1607.0600000000002
13255,3,3,390.66
12484,32,7,4495.27
13791,42,3,1047.68
15622,2,10,3224.53
12719,4,3,608.1
14699,213,1,109.13000000000001
13639,73,1,1033.34
15494,20,2,1299.23
15625,99,5,1504.56
13121,268,2,254.73
17572,70,4,226.75000000000003
16128,17,5,1880.22
12454,52,2,5.684341886080802e-14
17060,265,1,234.24
18239,218,5,1561.6100000000001
14157,19,3,400.43
12478,3,1,680.99
17191,27,7,2095.13
15881,311,6,438.24
15747,12,3,974.04
15348,71,1,158.04
13922,351,1,172.25
14300,18,1,43.2
16926,370,1,230.25
17965,37,14,2622.57
15610,51,1,112.46000000000001
14053,123,2,260.25
12597,18,5,3683.13
17709,169,1,137.45
16131,51,6,3506.54
16414,21,2,126.25
13663,178,1,189.47
14297,17,5,1284.06
14041,265,1,141.41
16932,52,1,161.94
15095,103,5,1364.7
18221,21,6,1033.31
13505,67,5,4282.88
17846,84,1,2033.1
17727,8,2,1042.55
13919,52,3,350.15999999999997
17980,165,3,811.45
12981,29,2,372.21999999999997
16152,268,1,1829.04
14696,3,8,2070.97
14970,67,4,1592.06
17596,22,7,2827.93
17063,8,8,1421.59
18245,6,8,2507.56
15491,94,7,3090.85
17176,201,1,306.13
15994,54,1,427.07
14973,106,3,1314.45
17700,16,5,2508.89
16789,7,1,80.8
17331,123,1,175.2
13645,119,1,252.1
16387,322,1,94.36
12612,57,2,643.59
14035,28,5,1428.02
17444,147,3,2940.04
13246,17,7,1922.1
13636,36,6,941.62
13240,95,4,663.65
16265,8,10,5423.15
12591,316,1,452.84999999999997
15485,29,3,2575.0
13258,11,3,698.58
16801,162,5,867.83
13523,32,6,3755.38
15232,112,2,612.06
14824,9,4,1127.71
17843,302,1,205.48
15756,60,4,532.96
12481,22,11,5590.86
14419,10,6,1058.06
12734,352,1,110.39999999999999
15366,74,2,602.51
14553,18,5,859.27
12871,83,2,380.64
16006,210,1,101.4
16545,164,1,339.3
13502,16,3,292.0
13904,36,2,332.64
16670,16,12,4022.46
15601,10,15,6745.36
14184,66,1,452.89
15869,276,2,149.64
13243,202,1,600.07
14583,5,5,1052.55
16956,8,2,292.34
13562,81,3,1799.33
13952,210,3,3246.091
16036,86,2,758.92
14741,11,6,1400.34
12356,22,3,2811.43
18269,357,2,138.9
15396,112,1,288.18
14062,9,12,10464.85
15646,157,4,425.14000000000004
12374,24,1,742.9300000000001
13014,2,11,3365.43
14589,371,1,39.75
16033,5,21,8727.61
14976,56,8,765.86
14598,43,1,221.97
16173,15,7,1406.57
18010,256,1,174.8
12514,266,1,1017.68
17206,52,1,204.24
18147,45,2,179.33999999999997
16042,21,6,1147.37
12621,1,21,13612.07
17364,0,12,4455.73
17733,38,2,692.19
13011,371,1,50.550000000000004
12624,105,2,641.13
15134,14,8,1387.99
17995,281,1,76.1
12508,25,2,398.27
13803,254,1,277.07
13151,202,2,1250.3700000000001
16813,7,10,1692.98
14476,256,1,215.7
13949,2,6,2427.32
13285,22,4,2709.12
14714,23,1,160.19
12749,3,6,3868.2
14083,3,9,1018.43
12764,316,1,1693.88
13672,300,3,-71.46
16316,63,9,2755.56
16697,240,1,112.75
13419,63,1,221.06
14875,8,3,1448.72
17078,35,2,378.2
16292,116,2,280.9
14452,10,2,264.44
14220,246,2,632.4
12645,33,5,1755.38
13824,32,5,1698.94
16551,95,3,922.12
16712,8,11,3645.43
15917,247,1,123.1
12639,238,1,486.1
18129,242,1,112.55000000000001
12383,184,6,1839.31
14059,266,1,183.6
15637,52,1,223.36
14857,59,3,1165.65
13538,42,7,1280.85
17486,260,1,396.87
17891,161,1,203.85999999999999
13946,78,3,561.5699999999999
17879,173,1,178.51999999999998
14997,45,4,540.98
14732,7,9,2686.34
15116,17,4,1352.75
16706,36,3,531.35
17483,64,3,414.04
17337,150,5,1944.32
15113,9,4,3439.41
12377,314,2,1628.12
12362,2,11,5154.58
18272,2,7,3064.78
15265,150,2,1506.1200000000001
13416,43,2,712.5
13297,7,4,2089.85
16179,60,1,215.83
14595,19,6,1740.6
12779,20,9,3868.7
12490,4,10,5417.93
17212,252,1,226.85
13160,21,1,91.8
13675,150,2,486.82000000000005
16432,63,1,287.4
16057,3,8,2140.2200000000003
16685,60,2,324.24
15512,155,2,121.0
13273,112,1,138.98
17221,6,2,335.13
14729,373,1,313.49
15110,23,5,970.25
12502,95,5,3723.87
12627,10,7,4478.53
18135,28,5,681.9100000000001
12630,9,2,1270.88
17480,73,2,506.51
15658,189,6,958.9
14333,63,2,351.45
13142,18,1,307.09
15000,47,1,490.52
14071,3,9,1307.41
14738,38,8,1289.94
17075,17,5,813.77
17340,8,12,11891.18
16947,235,1,406.48
17608,32,2,193.42
16554,2,4,641.55
15768,115,4,581.8299999999999
17358,302,2,365.85
16170,50,7,1880.4199999999998
12365,290,3,320.69
14342,20,5,607.71
13544,39,2,291.41
13428,9,1,218.47
13026,0,6,936.15
16054,144,1,783.9
16700,8,14,5040.0
16030,309,1,331.24
15125,24,16,11117.05
16572,126,4,999.7
18123,23,2,589.4399999999999
17861,2,9,2059.2
18260,172,7,2595.0
18281,180,1,80.82
15789,357,1,351.3
18263,22,4,1211.08
16045,119,4,1340.7
14199,217,1,185.39999999999998
12517,27,6,2464.89
15524,24,1,440.0
17343,354,1,193.64
17105,158,2,665.78
18013,154,2,187.29
17614,56,1,390.07
14214,30,6,1000.23
14723,9,6,1158.3
17873,79,6,1764.3600000000001
13035,57,3,886.63
14211,52,10,2208.3
18016,31,5,1483.56
17492,247,1,374.57
13023,63,2,689.9
17602,1,7,5050.77
12371,44,2,1887.96
13809,304,1,155.05
16048,85,3,243.69000000000003
16950,56,3,1178.56
18004,361,1,169.47
16441,66,2,381.2
17885,11,1,190.19
14473,73,2,234.34000000000003
14479,253,2,316.25
14196,106,1,335.52
17736,8,4,337.49
15661,316,2,309.8
13404,0,2,252.49
15381,213,2,596.85
13684,285,2,64.23
12505,300,1,-4.5
14869,3,3,721.95
16444,45,5,638.77
13806,63,1,256.38
17754,0,6,1739.92
16569,2,1,124.2
17236,12,6,916.13
12752,80,1,4366.78
14461,147,3,2103.06
15262,323,1,178.95000000000002
14470,11,2,461.19
13148,28,13,3348.48
14089,56,1,161.0
13690,58,1,172.25
14601,10,1,213.96
16566,14,6,614.01
14720,5,3,663.81
15652,90,1,337.74
16709,84,5,3029.87
15241,66,9,1738.59
14863,28,1,266.76
13017,6,1,204.0
16319,217,1,404.40000000000003
13669,50,2,218.55
17367,237,1,168.4
17090,3,8,2041.8500000000001
17867,29,7,622.75
18022,35,1,668.11
14193,67,2,853.39
16843,42,17,10183.82
14345,38,1,108.97999999999999
13145,39,5,614.77
13928,10,4,464.57
15521,35,9,2574.65
13931,85,3,1230.93
12895,41,3,347.3
17498,75,1,272.22
13693,324,1,-32.0
16953,29,1,20.8
15643,178,4,647.4
16429,105,1,284.55
15128,59,5,1419.54
15786,43,4,4834.2
13815,21,5,4014.91
15640,3,16,12433.34
15119,245,1,266.4
13937,168,1,158.85
16825,38,2,775.1800000000001
13029,30,3,1247.5
15393,15,2,231.86
16450,149,1,311.92
17620,59,1,81.44
13955,153,2,322.96
16027,91,7,852.12
13827,57,3,412.05
12380,21,5,2720.56
14208,94,1,151.74
14866,10,13,14197.45
13934,263,1,922.1
17361,48,3,488.2
12359,7,5,6245.53
17739,11,8,2786.05
13032,38,3,996.52
13821,144,2,385.64
13166,281,2,414.7
16816,102,4,417.06
13800,309,1,558.32
16965,226,1,201.19
12648,154,1,318.05
16560,20,3,816.51
15253,15,6,915.3
16837,30,12,3167.73
18141,360,1,-35.400000000000006
12493,165,3,416.79
15899,368,1,56.25
18278,73,1,173.9
14744,15,8,1088.53
16688,0,4,1260.86
13565,18,2,240.22
16182,71,4,6617.65
16581,154,2,70.44
12642,24,3,1013.26
13422,50,2,2601.55
12770,210,1,1351.45
13434,73,2,534.24
16313,2,2,274.15000000000003
14321,10,5,1530.75
13279,63,2,126.30000000000001
13431,66,2,1269.1
15247,121,1,356.0
15006,50,1,502.09
18126,60,1,206.82999999999998
13300,164,2,365.29
12633,58,5,2140.63
15518,63,9,1911.89
16188,44,4,981.86
17495,7,2,497.56
16682,4,5,1028.0
13678,151,1,232.6
12755,249,3,2203.2
16971,2,2,232.20999999999998
13282,17,4,1047.8400000000001
15256,148,1,98.45
14205,10,3,218.78
16959,86,1,117.35000000000001
17233,34,1,190.88
15107,310,7,247.66
16423,24,1,346.12
13425,107,3,1624.21
17760,21,2,287.59
15372,136,1,2007.3999999999999
17742,112,2,355.11
14348,259,1,409.57
15122,84,4,1612.13
13157,48,5,1721.57
17629,5,9,1784.12
15384,169,3,635.76
14985,197,2,296.75
17346,3,16,2611.58
14077,40,5,499.41999999999996
16295,9,4,1328.55
14327,162,1,311.65
18019,51,1,38.45
17349,178,1,110.75
13294,189,2,873.74
13276,63,2,590.9300000000001
17888,18,9,525.78
18001,11,2,417.23
17623,32,1,527.0500000000001
17081,24,2,290.16
13038,79,3,908.46
14860,8,2,168.62
17096,8,5,992.6800000000001
17864,12,3,597.5
16828,92,2,128.5
17227,18,6,939.32
13958,371,1,-102.45
14482,17,6,2068.15
14351,164,1,51.0
14467,17,4,598.76
15780,183,3,475.28000000000003
15795,149,1,610.01
17230,263,9,3466.67
14339,234,2,289.90999999999997
13681,17,4,827.83
17218,3,10,1960.72
12618,21,1,177.31
15783,10,1,246.3
15399,0,3,815.77
16557,23,2,281.85
17468,9,2,137.0
13666,59,3,84.65
15777,240,5,1021.61
16968,3,2,439.43
13940,16,4,839.14
16447,135,1,259.01
12386,337,2,401.9
15530,21,4,1502.35
12904,17,2,509.58
15506,22,3,979.26
16834,227,1,413.46
12758,116,2,2791.59
17611,3,16,3947.87
18144,7,12,2888.75
16298,22,3,598.2
18150,31,3,566.58
14217,1,18,1925.3600000000001
15634,16,1,243.55
14068,319,1,265.85
15664,50,2,358.63
14592,34,3,570.46
14988,211,1,334.54
12886,67,3,1351.09
14336,16,4,1614.91
17084,34,2,2949.75
15655,232,2,511.32
17489,58,2,376.64
16563,53,1,1077.74
15923,372,1,127.08
15527,18,9,2348.82
14607,15,15,11341.1
15649,335,2,816.0
13154,143,1,-611.86
14854,77,8,2749.89
17870,1,13,1889.4
13291,155,1,361.11
13169,63,2,712.88
16164,16,4,802.53
15920,153,4,167.5
16161,1,20,5352.97
16426,1,10,1908.25
14080,32,1,45.599999999999994
14851,22,2,511.35
12910,22,8,3075.04
14586,226,2,134.16
17102,261,1,25.5
15774,68,1,270.8
16438,5,5,798.35
13410,8,6,988.91
16185,16,2,529.41
13812,41,3,539.0
17730,2,14,5288.83
18257,38,9,2265.38
18138,294,1,152.65
15244,64,2,631.57
15503,362,1,147.09
12883,24,4,703.47
17248,119,1,318.65
13068,9,2,344.0
16206,54,4,537.0600000000001
17126,151,6,991.85
17531,120,2,293.45
14232,31,6,2043.93
15414,9,3,774.9000000000001
13988,19,7,4098.8
13589,14,2,379.65
14628,90,2,671.96
15947,82,1,1708.24
17650,20,1,166.08
16742,46,2,0.0
15932,3,9,2461.85
13437,13,7,3408.06
18043,24,3,559.51
13726,38,2,1079.6599999999999
16602,30,2,494.72999999999996
13330,92,3,1140.93
16739,171,2,312.55
14488,50,2,1047.43
15286,49,1,240.55
16995,371,1,-1.25
13973,286,1,264.7
12928,34,5,2062.7000000000003
17391,163,2,508.8
13467,10,2,1083.71
15024,9,10,1661.33
16471,274,1,223.95000000000002
13583,155,1,781.03
14235,9,6,3093.86
17251,362,1,283.28000000000003
17373,39,4,646.92
17781,158,2,188.02
14119,353,1,-19.9
15551,36,1,436.06
13059,249,1,183.4
15027,30,5,1051.95
12413,66,4,694.15
15301,50,13,5028.12
13065,372,1,205.86
15554,277,1,217.2
16078,283,1,79.2
14360,31,4,2128.23
16337,36,1,151.05
17525,359,1,422.70000000000005
13178,25,11,5725.47
15292,200,1,180.94
16849,186,1,124.57
14092,7,15,4063.1
12401,302,1,84.3
14619,238,2,379.51
15673,87,4,2881.02
14622,184,1,320.58000000000004
12535,91,2,716.35
13982,38,5,1861.11
17656,72,5,1674.69
16468,73,1,74.9
12523,1,12,1745.57
16584,79,3,908.03
15801,45,4,1042.19
16066,16,5,1521.87
14354,5,2,163.62
16727,363,1,272.82
15164,68,3,843.05
15274,3,2,716.57
12919,7,7,1301.44
15432,22,1,171.19
17266,1,3,310.64
15825,171,1,532.94
15676,8,4,3324.09
16587,231,1,225.15
13845,64,1,312.98
16221,36,3,864.86
16718,368,1,623.75
13050,8,18,5684.61
14107,51,8,2688.48
15402,148,2,626.77
13985,3,16,7024.53
15950,1,5,1705.26
16456,98,5,2158.37
16215,80,1,242.35
15429,26,3,364.90000000000003
14643,169,3,668.61
16191,2,14,4913.32
14110,3,13,5669.65
16980,254,2,1078.96
15810,78,5,1145.43
12398,45,1,1635.6599999999999
18040,18,2,357.20000000000005
17897,172,4,541.1
15819,48,4,1905.45
17245,204,1,171.45
15277,46,1,255.89999999999998
15033,4,11,2571.02
17510,24,1,308.48
12651,334,1,114.0
15533,18,4,746.92
17239,312,2,379.95
15694,0,15,6423.6
15408,263,1,267.18
13461,38,3,1445.0
12395,15,13,2998.28
14116,19,5,1382.74
13309,6,5,1456.79
14908,73,1,277.8
16072,287,1,584.3199999999999
14491,174,2,340.93
12657,10,5,1152.06
13044,290,1,560.47
13196,10,4,1797.78
12916,138,5,2982.35
18171,58,6,1208.51
14890,253,1,125.65
17653,28,5,1175.88
15140,51,8,2350.0
17376,70,2,203.2
15009,11,3,1261.78
14762,263,1,300.52
12943,300,1,-3.75
16611,185,2,120.99000000000001
12541,29,3,981.18
17894,71,8,1119.81
15563,8,5,1319.69
14223,91,4,975.23
13577,24,5,1658.3
18287,42,3,1837.28
15280,171,1,113.12
14104,154,2,216.20999999999998
16983,12,8,1920.2
17501,220,2,288.6
14887,78,1,1862.0
13464,57,1,674.68
12925,4,2,694.05
17388,77,4,1259.56
15405,188,1,349.1
15417,84,1,508.8
17135,15,7,1139.73
13324,31,11,7072.8
14238,325,1,146.85
14878,12,9,1485.54
17117,287,1,116.19999999999999
18177,30,7,1314.17
14375,184,1,257.68
16084,298,1,436.18
17138,275,1,380.5
14902,20,2,314.11
17397,21,2,696.41
14768,16,3,139.5
14616,242,3,406.08000000000004
17787,152,4,1865.19
14226,28,6,2201.64
16480,75,1,769.29
12785,2,2,305.71
17385,14,1,261.11
15557,28,1,473.65000000000003
16483,191,1,139.35
13458,6,15,9537.92
13976,206,1,357.98
16721,261,1,292.47
16986,29,2,1873.2
12654,10,5,601.98
14515,17,6,2102.09
13723,216,1,199.85000000000002
16212,18,3,681.19
14113,3,5,1377.92
12809,167,2,484.36
17504,205,10,2745.2799999999997
13187,336,1,236.02
15018,38,4,456.26
13851,95,3,2651.46
17763,262,1,15.0
16200,3,2,1080.6200000000001
12526,0,3,1316.66
13711,218,2,252.06
12797,359,2,194.18
15944,276,1,325.1
14512,187,2,275.28
14759,4,3,1625.97
15158,44,1,401.40000000000003
14101,73,6,5976.79
12681,14,23,13677.59
14506,16,5,2012.17
15938,111,5,404.58
15539,6,1,538.46
13705,7,3,711.86
16209,88,5,2262.62
15271,6,16,2485.82
17793,24,1,323.04
17522,1,5,1070.71
13699,154,1,308.58000000000004
17519,16,7,1839.07
13321,71,2,567.36
14893,9,2,1237.8500000000001
12410,300,3,681.0799999999999
13318,0,3,640.76
12937,14,4,1504.27
17382,64,1,65.4
13592,35,4,247.95999999999998
15813,207,2,1303.9099999999999
17921,63,4,826.52
16730,51,4,702.79
17513,71,1,513.2
16325,43,4,510.54
13598,46,2,167.42000000000002
15679,23,4,781.28
12660,10,1,245.1
17001,0,11,3989.57
12672,329,1,225.89999999999998
15953,14,9,1634.53
16614,182,1,506.19
16596,15,2,250.15
13979,72,1,869.87
17123,161,1,345.29999999999995
12666,358,1,-227.44
15012,53,2,423.04
17528,0,9,3540.1
17769,12,11,3960.63
15804,0,14,3848.55
16352,17,2,494.44
18168,175,7,1133.64
13455,24,3,1007.35
12520,78,6,2582.51
16855,23,2,328.4
17507,261,2,605.58
13717,31,7,1432.26
12547,197,2,207.79999999999998
13184,14,11,1648.79
17912,309,6,295.61
14241,183,1,213.70000000000002
17644,0,12,2768.98
16340,106,1,549.07
17400,125,5,2129.96
14896,204,2,468.77000000000004
13720,116,4,799.9
14485,38,1,165.75
18156,12,2,734.94
15152,9,14,4684.24
14098,36,1,147.35
12794,52,2,860.41
18034,21,2,422.88
14381,51,1,202.68
16203,58,5,589.15
13708,270,1,296.88
17394,218,1,203.86999999999998
15146,164,3,1313.66
12532,29,1,349.83000000000004
16477,63,7,2494.46
13449,23,1,291.88
13327,38,9,3617.57
17772,10,2,182.77
16081,55,5,2806.9
12678,41,13,17588.26
12538,28,1,363.95
16858,365,2,345.89000000000004
14247,277,1,136.76999999999998
14497,300,2,457.47
16745,86,18,7170.7
12550,78,1,964.83
18159,300,1,530.15
16343,15,2,370.47999999999996
14756,14,1,738.96
12407,49,5,1708.1200000000001
14905,153,3,599.9
13193,60,1,117.88
13336,76,1,795.12
13452,258,2,590.0
12812,44,1,229.64000000000001
16349,290,1,53.5
17111,46,1,248.61
13860,0,6,1240.0
13062,190,1,346.98
14881,19,1,255.4
15822,2,2,885.47
15426,18,6,1429.9
15545,53,2,292.71999999999997
16998,149,5,287.02000000000004
15289,28,4,935.1
12940,45,3,876.29
18174,6,1,104.0
13571,12,12,2092.32
12544,29,2,355.7
15411,25,5,1346.38
15143,225,1,259.45
15670,296,1,173.05
18055,6,11,6752.14
13967,145,1,80.7
16218,29,8,3054.87
12791,373,1,192.60000000000002
13842,58,9,3385.62
13568,172,1,192.85
14500,87,3,356.85
15149,133,1,520.8000000000001
18183,217,3,600.52
17659,3,13,2954.75
12922,160,1,405.38
14640,15,7,2042.15
14765,28,3,254.11
17775,254,1,56.4
14747,247,2,294.3
15935,238,2,416.86
13047,31,11,3079.1
17790,26,14,1965.55
15423,37,1,43.5
16861,59,3,151.65
14753,86,1,563.15
15667,39,1,301.32
17007,50,7,877.4300000000001
12913,4,5,2483.63
16873,4,7,7066.31
16063,259,1,335.32
17924,0,8,2894.33
15167,320,1,163.0
15298,1,13,3774.1
16715,77,1,301.71999999999997
16846,49,1,214.32
16474,6,8,1811.47
14250,6,3,1904.05
15807,49,3,903.9
12669,150,4,1607.73
17900,164,3,15.0
17242,107,2,1135.04
15036,71,3,465.55
16322,0,2,326.75
15030,71,2,518.28
17379,10,1,404.66
14503,2,6,3543.26
14357,42,1,225.77
17370,72,4,446.18
17263,207,1,63.440000000000005
14625,184,3,848.48
15691,251,1,136.8
17120,232,1,307.46
13991,11,7,850.63
18180,4,6,1843.75
18037,153,6,70.02
15021,8,10,1872.28
14777,3,1,-17.45
14631,50,3,1006.98
16989,6,6,1133.25
17516,14,5,768.08
13848,91,3,1255.0
17647,64,1,133.06
16992,10,6,1601.8600000000001
18165,176,1,302.46000000000004
13833,158,1,384.8
12782,4,6,2273.32
14229,51,4,1450.6
17906,246,1,72.9
16462,63,4,102.0
16852,9,2,144.91000000000003
17114,5,9,747.22
16593,50,3,330.03
17004,45,2,1412.94
13854,8,26,8025.0199999999995
17254,4,2,272.44
14494,25,1,139.56
18192,71,1,957.97
13747,373,1,79.6
15983,21,4,1475.02
13211,9,3,1197.42
15712,8,5,1072.3600000000001
13226,272,1,108.21000000000001
13753,287,1,741.26
15840,58,3,345.66
15438,130,1,156.57999999999998
17552,42,5,909.96
17930,35,5,1740.48
17147,22,5,1679.64
15444,8,2,1418.26
15450,29,1,429.84
14667,10,26,9231.2
12705,14,10,6814.24
14673,2,5,1736.4
14396,64,2,487.99
15831,57,4,747.76
12437,1,19,4896.66
14006,115,3,962.19
17037,77,2,1253.22
15045,151,3,633.66
16623,245,1,129.45
12693,120,5,830.96
13217,121,4,133.62
14679,371,1,-2.55
14780,54,2,447.68
12836,58,4,2612.86
16641,105,1,231.10000000000002
12577,34,4,595.4
13369,353,2,263.75
17287,25,7,1064.11
16117,189,1,232.21
14932,365,1,363.53
17942,7,1,77.50000000000001
15051,22,3,1391.61
17299,11,4,669.11
16498,160,3,86.12
16766,272,2,1145.6
18067,39,1,396.33
14676,30,7,2543.2400000000002
17674,73,2,551.04
15182,153,2,622.85
17031,11,2,380.35
18085,329,2,689.95
18219,2,11,2019.77
15593,70,1,199.8
17680,23,1,184.4
15569,103,5,1375.71
15057,274,2,1489.5
15054,11,2,302.1
13354,70,1,743.53
13863,244,2,299.56
12571,39,2,519.61
14152,74,3,611.09
12684,7,7,2283.63
16629,73,2,417.73
14259,141,1,120.0
13107,43,5,1524.07
15977,16,2,1054.73
18210,1,6,2621.38
14804,8,1,353.27
12431,35,16,6416.39
14530,25,6,2925.91
17293,7,9,1875.1100000000001
12449,21,4,4067.29
15325,103,1,162.29
17153,23,1,213.78
16093,106,1,17.0
14390,9,10,4592.47
12842,69,2,1118.99
16102,41,3,1842.14
15179,17,6,2186.2
15203,25,6,1827.8
14792,63,2,0.0
15834,69,5,2084.9
13220,77,4,819.2900000000001
14015,52,1,917.34
14021,154,3,631.9
14256,253,3,935.0600000000001
14128,60,2,637.5
15042,198,1,135.93
13497,282,3,321.05
12714,8,5,4708.86
16754,371,1,2002.4
17025,60,3,357.77
15197,8,4,656.44
16778,73,2,245.94
15185,69,1,310.62
13095,70,1,74.39999999999999
15060,7,4,303.09
14923,50,1,749.1
15843,303,1,118.95000000000002
13631,99,12,3021.77
16379,3,5,2131.9
14929,31,1,223.88
12428,25,10,7877.2
14649,4,4,1417.29
16361,9,4,896.66
14140,3,3,920.05
13473,60,3,417.54
18213,236,1,232.48000000000002
13735,24,5,2766.18
16516,29,1,101.69999999999999
12434,84,3,765.19
17284,59,7,1641.68
18189,77,3,1084.34
14271,225,1,112.32
17564,23,3,454.01
15965,16,4,845.64
12702,19,1,219.0
16751,30,1,1764.72
15048,64,5,380.57
17272,41,5,2144.53
15066,31,2,760.59
13101,233,1,101.19
17144,0,2,984.57
17010,16,2,185.46
12422,95,3,803.5600000000001
16096,263,1,320.62
15304,60,9,680.3
16105,248,1,336.96
17805,73,1,512.31
17171,288,1,224.91
15584,23,5,722.61
15319,283,1,204.5
18064,132,2,814.0
14935,296,1,1784.71
17799,21,11,3026.08
16224,56,4,1295.3
13208,58,7,1205.9
17415,79,1,507.84
15721,11,1,507.08
17695,131,2,765.34
17796,39,4,697.9
13756,1,15,5145.12
13762,203,2,3.552713678800501e-15
12565,281,2,131.17
16748,17,5,1515.9
15194,2,16,7521.17
13485,232,1,454.24
16903,28,1,373.24
13232,12,7,1357.6
17278,240,1,246.04
16647,169,2,214.06
18088,60,1,167.67000000000002
12574,315,1,218.45
16370,81,4,1320.56
16900,11,4,187.6900000000001
17406,329,4,1928.72
18079,44,4,3651.97
17165,283,1,158.68
13869,122,4,3104.95
16358,0,5,2024.95
12690,205,1,389.01
15447,330,1,155.17
13887,203,1,349.55
13884,6,6,781.3000000000001
13890,0,11,1860.8600000000001
14658,4,2,247.15
15706,59,5,1001.8100000000001
13238,10,5,680.83
15334,156,3,351.67
12556,49,2,603.71
15727,16,7,5178.96
17668,0,2,347.75
15465,19,19,6945.0199999999995
14920,212,2,977.77
17939,159,1,99.14
14280,196,1,134.04
13875,53,5,1786.79
17817,3,3,387.68
17692,126,5,733.4399999999999
16233,70,4,422.13
17290,3,2,525.24
13607,39,1,678.01
14262,7,8,2618.23
16230,189,2,542.03
15837,64,1,391.98
13363,17,2,992.5
13866,73,1,145.67000000000002
16245,23,4,1352.3600000000001
16620,3,2,178.96
13994,3,6,2313.14
15462,93,3,234.6
12559,310,3,536.21
15974,38,8,3429.55
12949,30,9,4143.02
13482,231,1,184.64
14277,14,4,3957.0
14411,310,1,1063.0
12425,77,1,777.2
16099,49,3,731.9
15435,21,1,149.29
15316,326,1,165.0
18204,70,4,1979.3
12452,16,3,428.57
12976,211,1,738.6
17433,87,1,303.15999999999997
17537,29,2,897.62
12583,2,16,7187.34
12839,2,15,5583.62
14146,8,6,2949.57
15572,4,7,2552.86
12815,147,2,1063.46
17802,81,4,1251.84
14125,10,3,2740.43
12845,266,4,354.09
12830,37,7,6748.4
13881,3,21,16989.52
13479,197,3,291.0
13351,65,1,373.94
16617,235,1,151.85
14518,63,1,174.37
13759,32,2,659.4100000000001
16510,371,1,248.1
13476,178,3,1092.77
15858,15,5,1438.85
16626,0,18,4379.65
16763,184,2,594.9
17948,146,1,358.56000000000006
13357,256,1,609.95
13235,211,2,101.17000000000007
17022,30,1,71.0
16513,4,4,874.59
13223,199,2,163.20000000000002
14548,150,2,652.8
15069,178,1,1109.53
14536,259,1,171.8
13610,11,8,1115.43
17549,23,2,148.86
17686,6,7,5739.46
17936,4,1,389.84
13488,16,14,8910.61
16495,2,3,684.41
15855,136,5,712.24
17412,2,7,1258.06
18073,113,13,3864.44
13732,27,1,491.86
13083,3,2,303.75
17430,32,2,265.76
14652,76,1,114.18
12708,29,11,2616.32
14408,10,7,2606.53
15980,88,3,2398.86
14000,205,2,633.71
16906,81,4,579.77
12827,5,3,430.15000000000003
15313,109,1,52.0
17534,53,1,223.36
15063,212,1,370.79999999999995
16897,298,3,213.03
13077,0,4,729.27
16236,77,1,432.2
16367,36,2,804.49
16227,218,2,308.32000000000005
15307,95,1,205.3
13339,200,1,860.12
16376,8,3,977.52
15971,17,12,4199.85
12553,7,11,3652.25
12970,6,4,452.24
14798,52,3,173.74
16891,1,5,809.7
17034,15,4,734.5699999999999
15709,283,1,133.25
14012,277,1,328.8
14414,91,8,1485.1299999999999
14661,26,1,107.95
14265,108,2,530.18
12833,144,1,417.38
17019,10,4,1272.61
13878,54,1,1281.53
15986,29,1,168.12
13741,71,4,666.33
16120,58,5,1294.14
17820,190,1,-24.05
16644,177,2,833.78
12818,177,2,1517.88
13494,311,1,316.26000000000005
14655,3,5,1930.15
16638,22,11,1676.47
15590,288,1,-30.19
14801,60,1,193.14
14024,121,2,327.7
12967,2,3,1194.75
16769,259,1,380.39
13080,178,1,58.08
12446,57,1,1002.3100000000001
15596,100,6,1343.34
12562,7,7,3781.7400000000002
14387,32,3,1770.56
17561,18,1,167.62
14664,19,2,637.89
13601,44,2,693.32
17540,8,3,570.4
13500,22,4,1136.77
17427,71,1,100.8
17302,14,6,1119.93
17671,15,5,1284.08
13470,98,2,165.0
16108,84,2,816.1
17957,65,1,111.68
16364,11,2,707.04
15581,120,14,3429.9700000000003
15578,161,1,127.1
13750,53,5,1647.26
13229,225,1,160.95
13366,49,1,56.160000000000004
17951,39,4,990.8400000000001
15703,264,1,211.5
13893,297,1,821.1
14393,217,1,67.95
13348,63,1,233.76
14810,40,11,2087.88
16504,24,1,484.38
14143,133,1,115.8
13092,70,6,459.83
12955,0,12,4734.26
12824,59,1,397.12
17159,21,4,1534.73
15322,63,2,602.97
13345,276,2,377.6
16114,170,1,135.75000000000003
17403,35,1,281.62
16239,56,3,372.9
18082,25,1,703.37
15456,282,3,447.22
12580,246,1,415.7
14155,265,1,118.75
14286,23,4,4595.81
16909,63,2,364.14
15700,171,3,664.03
14149,212,2,259.43
13491,51,10,1215.82
17954,4,13,2295.37
16757,318,1,106.83000000000001
12821,213,1,92.72
14533,24,8,1812.6200000000001
15852,186,2,160.71
14670,279,2,411.53
14009,197,3,685.9300000000001
13104,2,6,1098.48
18198,3,18,5083.06
15724,200,3,212.3
16248,61,1,152.94
16882,66,3,705.12
16775,9,11,1695.66
16242,7,8,3598.26
17555,19,2,483.26
17418,41,2,463.46000000000004
17040,137,1,449.73
14539,15,2,537.48
14542,185,1,103.25
18061,21,10,2119.41
18058,9,1,170.16
12952,5,5,1382.8400000000001
14524,31,9,1867.68
17409,184,2,771.85
16885,14,3,471.51
15587,49,4,913.6800000000001
13744,94,2,1156.36
17162,28,11,1707.21
15453,1,7,1388.37
14795,165,1,131.45000000000002
18216,30,1,481.75
14789,28,1,197.64
13134,72,5,1740.63
14959,58,5,684.97
18225,2,13,5361.02
17719,37,16,5367.8
14944,29,13,5842.95
15888,79,2,141.27
14289,8,6,911.26
16915,8,6,621.6800000000001
17701,252,1,417.95
15891,226,1,524.52
12354,231,1,1079.4
17442,28,7,2210.2599999999998
14837,89,5,1641.2
13375,80,2,772.9
12458,70,2,947.4
16790,3,7,1520.1200000000001
14700,31,3,2235.3
14581,16,1,138.6
17043,31,4,1735.18
15212,238,2,88.94999999999999
14557,63,2,0.0
13533,182,3,270.79
13113,0,25,10510.0
16924,20,4,739.5
15355,28,2,277.05
17576,7,20,3457.78
12348,74,4,1797.24
15218,10,11,5756.89
12723,3,5,725.07
15748,39,1,149.31
12598,9,9,3002.68
16936,25,1,262.68
17573,28,4,362.9
13000,106,3,534.85
16019,1,10,3450.2400000000002
18097,7,7,2692.85
17969,165,2,228.2
16278,22,2,537.83
15099,83,1,410.48
16781,364,2,294.65
17183,7,7,3286.9100000000003
15754,50,4,455.67
14816,196,1,271.85
16010,245,3,407.5
12985,0,3,1215.6200000000001
18240,45,1,422.58
12878,17,3,841.64
13244,92,1,121.74000000000001
12994,3,4,902.22
13390,74,1,544.08
13003,105,3,149.05
13923,53,1,351.13
15075,77,1,773.03
15867,4,16,3797.79
17058,81,3,1179.89
16808,98,2,288.42
17061,73,12,5116.13
18094,81,7,3017.3
18246,23,2,596.1
14179,40,2,719.78
12586,16,2,179.94000000000003
17591,72,8,2215.02
17451,0,8,1648.95
17189,105,2,384.40000000000003
13521,0,3,1093.65
18118,10,27,5595.77
15206,9,4,420.29999999999995
17832,49,1,155.37
16135,262,1,517.55
14432,9,6,2255.51
15346,332,1,252.42000000000002
15358,4,23,8234.8
13131,22,4,1039.3
14450,180,3,483.25
17457,126,5,1737.7
12464,9,8,1212.05
17204,168,5,1352.91
16150,38,6,1906.07
12592,91,2,437.6
16796,88,1,305.62
15471,1,1,469.48
16257,176,1,46.95
16016,2,9,1483.31
16933,0,3,530.08
17064,58,3,859.35
15105,17,7,2298.93
17585,108,4,1133.07
13509,8,7,979.72
14560,6,23,2174.18
12863,51,2,504.2
16126,28,4,6287.77
16665,361,1,135.39999999999998
17972,241,1,136.04
12857,210,2,1106.4
16266,73,7,861.89
17588,99,3,1240.2
13116,116,2,485.19
16412,53,1,151.83
16805,173,2,460.59
13381,20,7,3626.81
14438,305,1,131.9
13524,40,5,680.1800000000001
12726,27,7,2609.1
15882,198,5,495.36
16650,71,1,518.42
14027,60,1,104.82
16260,50,1,1035.45
14030,17,8,2360.09
12988,291,1,535.32
12866,282,1,559.12
17698,260,1,154.95
15730,65,4,1108.38
17975,14,14,4393.61
14968,29,1,147.59
17960,170,1,73.78
14825,3,12,2226.91
17859,304,1,148.21
12604,78,2,254.18
17174,217,1,59.9
15623,140,1,301.03
17707,184,2,152.4
15605,35,5,1198.23
14962,270,1,126.7
13518,85,1,659.4399999999999
12872,326,2,599.97
15364,95,2,913.19
16385,59,3,555.89
15492,27,2,659.4599999999999
14057,23,18,6147.4
17716,22,12,5505.79
16531,21,7,1244.59
15608,27,4,1093.68
12613,30,6,3218.98
15361,361,1,418.92
14301,107,2,632.04
16281,71,1,2062.06
17320,99,3,1200.6200000000001
13917,49,2,272.04
14828,196,3,2139.76
18222,92,1,443.0
14947,71,2,290.82
14953,24,1,289.82
14709,14,14,4911.14
17180,55,5,780.38
14974,36,1,114.39
12473,28,6,2848.23
15221,365,2,114.1
12744,51,8,9120.39
16528,3,1,244.41
15343,86,1,364.5
13771,63,5,2631.7
17329,13,2,523.11
12991,22,2,503.76
18106,329,1,430.7
18228,49,3,769.2
12589,28,2,646.68
14045,108,4,1659.75
15087,281,1,306.94
14572,2,8,2803.69
14971,34,3,1116.57
17073,17,4,1446.09
12601,189,6,569.5600000000001
16123,51,1,307.78
14688,7,22,5107.38
15227,36,5,1219.4
16674,54,2,319.61
14292,7,10,4819.33
12720,2,26,5713.28
16415,43,1,210.35
14426,18,11,3918.9
14039,32,1,152.2
12982,239,2,377.2
17052,27,1,413.75
16546,290,3,-95.93
16272,116,1,411.7
17049,2,10,5594.78
16525,1,27,11895.57
15468,34,3,438.46
16659,188,1,39.12
15349,157,2,473.81
16519,24,2,215.07999999999998
16141,87,1,620.4
16912,22,12,2528.67
15998,36,6,3084.17
13652,45,3,1095.08
14554,9,4,2381.04
15215,44,4,615.99
17844,106,1,51.559999999999995
17704,168,2,885.19
13637,51,3,810.5
13774,81,1,345.0
13137,10,9,3605.08
12729,113,1,453.01
17046,156,1,642.02
17311,77,2,1384.85
14566,110,1,1432.0
15599,26,2,761.74
16144,246,1,175.2
13110,30,8,1452.8700000000001
13780,6,2,360.01
15483,160,4,233.81
13515,72,4,891.12
14834,17,7,1698.35
15367,56,5,1867.69
14420,84,2,385.87
14691,30,5,2114.33
17594,84,2,993.18
18112,11,2,352.69
15480,115,1,905.5
14712,28,3,917.07
16668,14,6,306.71999999999997
14697,217,2,188.60999999999999
15093,17,7,4410.14
16927,115,3,543.05
14423,217,1,265.2
17454,191,4,517.53
12476,0,12,6546.58
13268,17,12,3167.64
15757,65,2,714.42
13655,113,2,932.97
14840,267,1,62.85
12461,93,2,826.88
17201,53,1,342.63
14703,14,1,318.17
14551,17,2,186.23
12479,3,2,477.3
17978,364,1,300.91999999999996
12997,21,5,1197.94
15236,298,1,321.05
13256,13,1,0.0
14441,0,5,1545.14
16022,259,1,628.28
12717,150,3,980.98
14307,88,6,2995.72
13384,30,8,4122.28
16671,27,3,1692.27
17436,1,2,216.29999999999998
17597,213,1,2044.3700000000001
14295,39,2,154.70000000000002
13643,30,3,519.44
17070,113,1,312.14
16930,25,3,380.55
15602,7,10,1083.63
15861,11,9,3000.36
15230,238,2,429.6
13649,256,2,346.6
14185,330,1,197.65
14682,187,2,52.0
14578,2,1,168.63
17856,1,5,1393.79
13658,9,6,2421.47
13253,156,2,1030.4
17317,45,4,2524.02
13527,33,8,2263.76
14447,18,5,1163.23
17582,235,1,175.27
17579,4,4,440.2
13786,366,1,230.39999999999998
13265,52,5,2107.66
17835,2,3,350.64
13914,3,3,613.95
17460,78,7,452.63
15626,74,2,675.8
15864,21,7,1769.7800000000002
16918,49,7,1043.34
15733,282,1,162.3
17838,26,6,2312.7
17323,14,8,908.99
15096,42,1,219.39000000000001
13262,262,1,200.29
16403,301,2,161.04999999999998
17463,15,6,1881.36
18237,2,5,987.1
12607,57,2,3.552713678800501e-15
13911,56,9,2580.91
14176,296,5,574.0
13271,36,2,178.26
12735,314,2,779.5699999999999
14950,8,2,361.25
14161,215,3,1110.52
13402,126,2,621.23
16793,56,1,243.84
17567,6,9,4012.56
16007,47,4,1701.94
14188,8,7,2018.91
17448,144,1,-4287.63
14173,10,4,450.84
17722,95,5,2380.64
15611,9,14,1568.39
14167,38,4,574.84
15224,357,3,310.48
14819,63,2,272.07
13792,65,2,195.55
14051,0,24,15477.34
12455,72,6,2466.86
13512,260,1,251.21
12616,84,3,657.25
17725,15,12,3371.13
14048,276,2,375.13
16284,30,2,823.97
14054,64,1,92.46
17728,3,4,2515.68
15081,21,6,487.35
16656,21,16,8568.24
17984,144,1,152.68
16653,15,3,1166.92
12732,179,1,236.26000000000002
12854,78,4,1289.15
13503,70,1,216.85
17198,23,3,692.22
17314,24,9,2514.76
15885,92,3,379.35
18121,148,2,673.1
16400,94,1,303.93
14164,70,2,1631.77
15870,32,1,354.09000000000003
16275,196,1,559.87
17987,184,1,198.57
17466,9,2,763.28
16406,18,1,163.07
14569,0,1,227.39
18231,191,6,2066.17
16138,367,1,-7.95
14965,95,2,599.0
13122,93,2,922.39
15739,65,1,449.12
13926,22,1,223.85000000000002
18109,1,27,7925.32
16147,133,1,375.0
16942,12,10,1894.11
12875,142,2,343.2300000000001
13908,79,5,2347.05
17186,46,2,144.0
15620,49,4,1524.4
12738,371,1,155.35
13259,61,1,292.32
15498,0,28,12396.46
17990,236,3,630.84
14813,369,2,155.43
14304,222,2,197.1
13634,32,5,1575.16
13396,21,3,1325.29
16409,35,5,2028.88
12610,22,6,2057.99
14158,39,1,507.66
15489,22,4,1090.03
13899,15,2,388.52
16784,19,1,107.6
17829,298,1,889.24
15992,3,1,41.989999999999995
13247,17,4,501.12
13006,55,1,81.57
15090,307,1,381.32
12851,96,1,135.18
16394,49,6,1412.06
13372,89,1,378.64
16153,49,5,1824.23
18252,50,2,526.67
12747,1,11,4196.01
18249,16,1,95.34
14036,284,1,626.65
16921,60,1,169.79
15745,8,5,1071.24
13506,311,3,452.82
17966,37,5,1098.43
13140,107,3,423.72
14852,57,6,2836.69
13435,4,8,3794.4900000000002
15632,15,9,3147.31
16558,0,21,8257.04
13033,356,1,190.55
17362,238,2,312.23
12372,71,3,1298.04
18154,2,2,399.19
13670,74,1,349.7
15513,30,20,14520.08
17344,45,1,160.57
12753,3,7,21024.01
13539,85,4,605.84
16838,196,3,582.9
15656,44,4,748.5
14584,168,5,1029.26
16311,17,2,616.26
15504,80,1,52.83
18014,27,1,166.42
13929,168,3,802.85
16826,50,1,341.7
14474,42,2,537.71
16177,49,1,331.95
15373,7,13,2213.11
17886,31,3,899.61
12506,232,1,73.5
16552,242,2,379.73
13277,15,4,258.4
16710,18,10,2483.04
12649,106,4,603.71
18130,8,4,1045.74
17752,358,1,80.64
15135,232,2,127.15
17746,234,2,98.8
16570,8,11,3622.95
14334,16,9,2539.46
14066,266,1,152.55
15251,8,12,10327.11
13947,64,1,90.6
16055,220,1,134.8
15129,49,11,3447.4
17630,169,2,503.59999999999997
13813,39,5,1353.41
15108,141,5,1291.75
14465,246,3,1058.6200000000001
16448,197,1,188.89000000000001
17237,10,2,314.69
18127,18,3,348.73
12378,129,1,4008.62
13682,186,1,59.5
17094,317,2,270.20000000000005
13810,28,4,899.51
12762,7,2,1898.52
18270,37,3,238.95000000000002
13801,66,1,324.8
15641,104,4,1887.2
16698,226,2,1998.0
17499,289,1,622.88
16561,5,2,511.12
13027,113,6,6912.0
16180,99,9,10217.48
12384,28,3,566.16
13804,30,7,2635.79
13557,27,2,584.06
12750,128,1,275.88
16555,34,2,285.89
12756,86,1,112.07999999999998
18142,150,3,1014.9
15763,31,3,1048.67
13941,21,6,4912.41
17892,55,3,244.1
16686,46,8,3043.48
18136,62,4,761.83
15522,32,2,398.84
14349,9,1,133.5
12515,352,1,383.7
13536,0,7,3448.29
13173,3,2,353.65
14215,11,7,1777.92
17365,12,8,4801.56
18276,20,2,323.36
16814,13,22,6500.6
12890,23,1,380.46999999999997
17999,36,2,382.06
14209,10,7,2067.13
13158,94,4,1201.06
17228,15,8,1906.09
16969,38,3,650.41
17874,184,7,658.26
12360,51,3,2662.06
12363,109,2,552.0
14593,21,3,617.99
17341,156,3,781.36
17877,169,1,237.61
13414,133,3,1390.5
15114,29,10,2760.56
17469,15,6,1843.06
14340,218,1,134.7
16835,127,2,180.85
15254,126,1,300.36
16445,33,1,230.51
13828,21,1,209.49
16308,37,4,2560.0
17079,77,1,118.80000000000001
13551,318,1,91.80000000000001
14855,118,2,645.65
13283,59,2,93.66
17368,22,9,1349.52
13956,4,5,1026.42
15525,1,4,811.02
14453,189,1,119.93
12643,127,6,3344.64
15245,133,3,2515.84
12497,81,1,1043.1
13697,38,1,151.29999999999998
16427,262,2,241.06
17734,53,3,700.63
12908,58,3,246.0
16159,281,1,348.2
12509,283,1,176.5
15123,6,2,2199.31
13161,312,1,112.75
15370,40,8,2360.55
17213,39,8,2741.08
16832,183,3,199.15
17737,8,2,168.24
16418,44,3,675.27
17749,177,2,674.52
14090,324,1,76.32000000000001
14745,112,6,1167.16
16168,10,28,3770.6
16293,8,11,2236.7400000000002
15400,91,6,666.7
15912,177,2,264.62
15787,25,3,948.05
13298,0,1,360.0
15638,300,1,-94.0
14483,149,2,129.2
12881,275,1,298.0
16037,269,3,855.02
14346,120,2,1021.58
15918,190,2,334.23
18261,42,2,324.24
16960,38,3,507.05
15239,9,3,764.34
17097,1,9,937.92
18008,69,9,2116.19
17618,5,3,971.58
17359,10,1,127.86
16052,53,1,362.06
15266,337,1,119.3
16186,22,13,3991.94
14075,4,3,942.26
13667,148,1,305.02
15263,106,1,156.51
15528,253,1,229.33
14462,63,12,1965.9
15376,39,3,1233.3600000000001
12759,51,3,1531.44
17100,17,2,971.74
17088,27,4,1991.01
12625,211,3,2614.32
14849,21,26,7904.28
15906,19,8,1521.79
17615,129,3,329.6
15781,24,4,333.56
17871,204,1,155.9
12518,0,5,2056.89
12640,23,3,1174.58
16031,91,2,548.94
14060,4,20,6135.38
15653,92,2,877.4399999999999
15120,129,2,343.82
13819,301,3,1140.35
17481,3,5,1249.34
16692,255,2,1276.0
15921,172,1,336.03000000000003
14608,3,4,1785.15
16174,125,3,1009.5500000000001
16424,190,2,82.56
15775,244,1,104.9
15004,146,1,1246.32
12628,3,4,769.61
18017,80,3,523.0
14194,4,22,11216.75
14739,1,8,3899.1
12619,15,10,3214.81
17496,358,1,271.05
17889,211,2,203.87
12381,4,6,1803.96
16442,1,3,616.79
15111,28,3,1567.48
13021,3,10,2584.4
16034,195,3,437.7
16579,364,1,-30.599999999999998
15531,7,2,2007.44
13170,26,1,116.00999999999999
13807,366,1,112.6
14733,8,13,9451.54
12631,56,1,640.5
16287,169,1,142.5
14873,209,1,519.68
15385,39,1,316.88
13149,13,4,1676.06
16162,251,1,37.4
15897,193,2,222.05
17347,85,1,228.96
14730,0,8,2005.06
16043,37,4,773.99
16957,238,2,416.64
16156,8,10,3024.62
14078,101,6,1049.37
13167,18,4,791.33
16171,58,1,73.2
15510,330,1,250.0
18139,16,7,8393.22
14870,261,1,327.25
17472,190,3,710.29
17222,64,1,354.15
16963,186,1,110.55000000000001
16302,107,2,212.82
14218,42,1,169.48000000000002
17350,7,5,1256.19
15394,9,4,2183.54
16567,193,2,865.6
15132,17,5,977.9300000000001
15507,171,1,492.36
13012,8,9,1311.6200000000001
15379,168,8,3631.8900000000003
13304,350,1,300.42
15659,43,1,306.45
12512,65,2,138.03
12646,4,2,1346.97
13301,103,4,618.09
17490,0,8,1926.8799999999999
14459,154,1,1837.92
16430,56,1,300.85
13411,106,1,213.55
17883,2,4,671.77
12488,9,3,1298.66
17612,52,7,1992.76
17609,40,6,1103.92
13685,2,7,3119.44
12491,38,1,460.40000000000003
14087,2,2,181.67
17356,311,1,178.22
16951,122,4,1262.75
14715,24,4,867.38
15894,252,2,263.55
14331,123,2,462.65999999999997
14456,4,10,3047.63
14587,18,10,1598.24
16823,226,1,358.38
14212,89,1,1070.48
17231,11,11,3127.82
15903,9,8,5126.34
17600,17,1,161.67000000000002
16040,64,3,1313.55
15793,8,4,948.96
17761,32,1,712.78
13155,32,4,971.76
13420,134,3,140.35
14081,266,3,904.67
12357,32,1,6207.67
15388,269,1,140.54
16549,9,10,4154.64
16841,36,7,1774.62
14995,38,2,233.23000000000002
13959,78,3,598.2
12622,231,1,180.1
15790,9,1,220.85
17880,364,1,458.92
13566,40,2,874.71
13426,0,11,3550.7000000000003
14477,19,5,1307.81
17603,49,2,-1165.3
17085,122,6,1555.05
13950,10,5,728.56
13292,38,2,578.9399999999999
14867,185,4,701.33
16966,7,8,2148.47
17624,14,2,843.48
16829,156,1,197.22
17082,32,2,2003.85
13429,10,4,1006.8
15007,158,1,156.91
15260,99,8,1780.77
16573,73,3,648.41
12884,87,1,309.05
18133,210,2,715.4999999999999
16305,138,1,361.21999999999997
17234,182,1,149.89000000000001
14206,238,2,308.26
16317,119,3,1341.65
18255,88,1,103.3
15766,63,1,315.06
18005,3,2,249.72
15644,165,4,813.0
18282,7,3,176.6
17076,35,3,841.0799999999999
13548,95,2,682.41
12893,30,1,188.14
17475,78,1,194.37
13417,4,2,640.83
13146,25,1,228.91
17353,128,2,1740.0
12637,66,9,5953.25
14998,169,2,429.87
16689,75,3,303.26
13673,18,2,396.92
12902,264,1,138.68
17621,20,4,1336.1
16811,4,2,547.07
18151,134,2,653.35
17219,31,1,114.23
17865,30,21,10158.54
13405,73,3,572.451
13816,23,3,555.04
17862,323,1,330.9
15397,289,1,94.0
15382,14,7,5927.86
13030,10,2,799.48
13822,5,2,632.0
13280,121,3,814.86
16701,8,14,5150.2699999999995
15909,173,1,191.94
16820,95,1,497.61
13953,6,7,3515.68
17758,18,8,3456.7000000000003
18273,1,3,204.0
17091,2,10,3802.81
16049,39,3,1111.79
16025,29,1,439.65999999999997
15516,44,3,62.43
13295,359,2,197.95000000000002
16945,21,19,4345.5
18011,372,1,102.78999999999999
14480,10,1,279.05
17338,16,9,6612.18
14727,273,1,268.58
15900,23,1,351.11
16817,2,10,1446.95
14221,41,10,3427.85
17731,78,5,878.2
13560,6,1,174.37
15117,14,6,1550.13
14861,51,1,125.79
16433,27,1,184.26
13015,52,5,3346.28
16680,42,1,183.7
18145,12,4,2861.55
15257,280,2,232.14999999999998
14191,1,14,4660.01
13563,83,2,777.53
14352,156,4,1078.96
12503,337,1,-1126.0
16948,138,3,435.02
13932,294,1,307.4
12500,22,12,4206.27
16954,0,9,2085.08
12375,2,3,455.42
15269,23,1,408.8
16183,66,1,338.71000000000004
12494,9,8,1139.3500000000001
13938,34,1,71.66
16847,42,1,193.44
14248,317,1,302.58
13316,36,5,5815.49
14111,13,5,688.6
14504,46,4,673.26
16344,157,1,101.10000000000001
13194,135,1,60.7
18053,65,2,297.07
13307,119,1,15.0
13703,317,1,99.5
16332,27,8,1583.2
14102,4,6,1314.73
14766,7,7,2423.07
17648,60,5,1789.55
17118,317,1,157.02
15168,25,1,106.56
14513,100,4,438.49
14885,131,1,765.3199999999999
17371,16,3,423.89
14227,25,11,3315.71
13584,306,1,142.4
16603,74,2,482.47
16600,3,6,813.52
16850,333,1,332.41
12524,8,8,4485.72
12670,9,6,2986.15
15028,7,4,627.13
15939,89,16,6102.26
15156,0,3,961.49
16713,18,16,6840.2300000000005
15692,27,1,191.04
16189,15,2,215.48
16725,301,8,775.07
13581,308,1,118.0
15272,56,2,721.94
14114,273,2,386.53
15540,10,1,213.3
16999,22,2,484.82
15808,305,5,3724.77
16085,22,5,981.51
12664,7,10,4863.88
17660,140,1,196.0
17514,127,1,208.65
15668,217,1,76.32000000000001
17523,10,4,652.74
14623,31,6,869.35
16463,20,5,1383.7
17639,275,1,108.5
15680,8,3,1333.68
17785,52,1,131.94
16347,10,2,887.65
18041,11,22,4161.14
14498,42,5,1957.32
13727,28,2,333.48
15796,0,9,2666.61
16216,266,1,914.9300000000001
13974,48,1,413.59000000000003
18056,287,1,363.65
18169,60,1,202.65
18044,3,11,2085.65
17764,50,2,818.8199999999999
17386,7,6,2686.42
14641,21,1,110.46
13971,8,9,2702.2200000000003
15561,11,5,722.74
17508,280,1,387.31
16478,24,3,331.0
14897,7,4,1366.38
14644,8,3,780.46
14108,30,3,594.16
14891,147,2,554.38
12658,18,1,686.05
17642,119,2,712.29
15144,7,18,6530.04
14760,293,2,53.8
12667,57,1,620.13
15299,66,8,3787.09
12414,216,3,562.41
15814,2,5,1842.73
15802,142,2,-451.42
16871,21,7,2761.4900000000002
16591,68,1,213.5
13456,17,7,1737.8200000000002
13182,44,1,121.18
16079,16,3,1352.0
15415,312,1,572.8100000000001
14647,200,1,243.22
17002,72,4,1487.78
12408,32,6,2842.57
13837,211,2,271.24
14233,43,5,1447.51
13319,4,27,10664.34
12527,81,3,348.71000000000004
13176,45,1,492.84
12676,24,6,1331.39
13450,26,6,2043.7199999999998
14355,365,1,174.4
16716,266,3,319.8000000000001
16990,218,1,179.0
16734,51,3,650.51
12545,74,2,1000.39
17898,84,2,152.06
16728,45,4,1054.67
16978,77,1,344.33
15552,216,1,90.12
17520,53,1,546.81
13569,16,2,373.75
15826,50,4,1649.3600000000001
12673,4,2,610.52
18160,56,2,638.0600000000001
14242,234,2,280.55
16469,23,4,650.43
15933,20,3,1107.46
12405,148,1,1710.39
13048,13,5,1805.91
13983,29,13,2590.46
16338,156,1,214.79999999999998
15406,17,3,426.61
15942,133,1,337.44
17767,14,1,271.2
15689,119,2,254.1
12417,2,10,3578.8
15421,58,4,950.36
13322,16,1,199.48000000000002
15957,31,1,428.89
15016,172,1,170.04
12521,142,1,599.68
12783,1,7,1603.87
15031,3,4,668.14
15275,30,2,609.19
14117,143,1,90.0
12679,51,5,1058.67
17788,73,2,1117.9
13313,21,5,1555.32
13069,0,25,3717.82
14778,126,2,730.86
16984,77,3,4392.42
17133,15,7,4892.240000000001
13587,31,2,347.0
15290,4,19,7803.7699999999995
17255,40,2,298.41
18035,35,3,730.4
16987,2,7,1625.05
13700,25,10,2265.12
15296,43,7,3610.31
12792,256,1,400.53999999999996
16073,291,2,94.35
12393,71,4,1582.6000000000001
16326,5,15,3085.96
13709,3,14,6249.110000000001
16597,3,1,90.04
14903,20,6,2744.48
14379,43,2,348.1
17374,218,2,495.77
14385,8,3,202.11
17252,116,2,353.86
13706,302,1,330.79
13453,165,2,356.97999999999996
12923,63,1,176.97
13075,129,1,919.61
16210,1,18,21086.3
15951,0,3,669.57
12399,118,4,1108.65
13986,16,1,320.46
15671,18,8,2635.4900000000002
14775,57,3,1011.9
15150,16,11,5303.97
15433,78,3,417.87
18178,113,5,1573.41
14632,262,1,114.56
15537,162,1,110.92
12402,322,1,225.6
15820,319,1,206.98
16612,32,4,1187.66
15412,170,1,190.53
14769,2,9,10641.6
17505,161,2,1145.84
14638,50,1,443.6
18032,333,1,73.5
13593,107,6,1990.28
17124,184,1,298.89
17526,0,5,706.7
17115,7,4,806.9000000000001
14629,3,3,939.21
15025,32,1,377.01
15165,372,1,487.75
17633,30,5,1242.34
13596,5,2,697.04
15677,48,1,657.23
15674,72,6,1744.02
14099,15,12,3092.9700000000003
12548,165,1,95.19999999999999
12917,127,1,594.0
13730,135,2,752.6
15811,16,7,2171.32
12536,7,4,4106.82
17392,306,2,457.91
16341,24,5,1959.38
15153,30,1,329.25
13989,65,2,1266.08
15281,58,10,2239.9500000000003
16070,21,2,852.15
16454,44,3,-8.15
14239,42,12,2323.5
15549,76,4,1655.76
13188,10,1,114.60000000000001
17651,11,11,3886.67
13846,24,4,847.61
16996,29,7,1427.46
14489,206,1,463.38
18172,14,21,7490.17
16594,74,1,181.09
15695,266,2,409.98
18184,14,1,49.8
16457,217,1,208.36
16320,171,2,1038.46
13575,22,5,732.0699999999999
13441,91,1,296.64
17654,276,1,117.55
17517,308,1,153.94
13831,15,6,2202.99
12539,21,5,3852.5
12929,121,2,105.1
13572,205,1,1384.25
17398,114,3,653.38
18181,23,1,382.8
15022,11,4,905.04
12390,79,1,549.84
16451,87,1,266.97
13721,35,1,524.14
14245,175,3,1677.48
16475,87,4,544.3
12530,59,5,1623.63
13980,59,1,200.14
14382,25,1,626.0699999999999
17770,198,5,1143.27
14626,8,5,2757.07
16350,20,5,1100.47
13203,9,4,869.46
14236,80,2,490.86
15930,66,1,426.63
15424,253,2,383.34
15805,22,18,5452.17
15543,287,1,127.86
14093,11,1,442.85
17913,58,2,411.6
17383,3,1,199.29
15171,324,2,1034.5
13334,81,3,3536.82
15799,75,3,884.14
14373,357,1,76.55
15683,116,1,193.75
17779,20,4,642.17
14367,7,17,9167.82
13310,8,4,1083.63
14224,109,4,1050.12
13060,253,1,307.53
17663,25,8,1788.27
13200,18,4,870.09
13328,315,1,1308.48
17109,28,7,869.6800000000001
14757,74,1,420.5
16737,52,1,417.59999999999997
14882,26,2,589.7
13590,10,7,1976.12
14495,50,2,123.8
14507,23,7,1368.18
15147,218,2,608.65
17904,20,2,178.92
13712,246,1,228.84
15010,35,1,308.94
15287,21,3,485.24
17895,43,1,98.0
16213,78,1,159.0
16722,16,14,4711.21
12920,16,1,164.23
16061,268,1,-29.95
14364,108,8,3717.35
16856,14,1,35.400000000000006
15948,7,2,955.24
13185,267,1,71.4
13072,266,1,177.15
12795,18,1,430.48
15555,11,17,4758.2
17377,23,21,3925.92
16323,195,1,207.50000000000003
17919,87,1,1304.04
13447,22,4,1104.23
13462,182,2,143.25
16582,112,1,313.62
14105,84,2,1260.33
13849,51,2,1537.95
14748,28,6,1311.79
12789,64,1,91.85
16204,22,1,405.71
15034,15,9,4277.66
12938,25,1,114.14
12798,9,3,6977.04
16460,27,3,814.72
13045,98,1,305.28000000000003
16207,24,1,394.38
17791,29,1,106.1
17243,0,27,8628.55
13715,280,6,1053.94
14772,111,1,139.26
13992,29,1,76.8
13325,81,1,675.3
13962,21,2,169.55
15019,266,1,266.0
16198,74,1,400.68100000000004
15427,32,3,1483.14
13858,56,1,216.17
13599,0,22,5030.6
13718,245,2,306.55
16719,14,8,1773.92
14754,44,2,638.05
14251,1,5,2879.7000000000003
13066,23,3,430.9
12944,35,2,604.51
16076,2,11,2173.53
17636,8,2,265.93
16743,28,8,2191.84
16859,105,3,473.14
16609,14,8,5450.96
17901,28,1,110.38
14620,203,3,393.28000000000003
15665,167,2,2242.01
14501,63,3,190.31
15823,336,2,-840.76
14888,206,1,369.2
17925,372,1,244.08
16201,2,5,1821.52
17267,126,2,317.62
12652,321,2,914.53
18050,358,1,74.4
17502,8,4,689.1
15945,364,1,181.0
12935,1,8,2156.45
14894,84,1,655.75
16466,33,7,1603.46
15052,318,1,215.78
12688,113,1,4873.8099999999995
16627,78,1,322.8
14522,23,4,974.54
15585,176,1,455.3
13876,63,1,122.7
16112,142,4,195.73999999999998
17672,43,3,3106.62
15594,15,6,1767.53
17142,238,1,579.0
18059,8,4,296.71
14662,28,4,771.17
16374,65,2,473.03000000000003
13894,21,4,535.97
12447,242,1,476.49
17550,196,3,267.16
16240,7,3,3693.81
12843,65,9,1680.76
14287,7,4,151.23000000000002
14400,140,2,559.7
13492,135,3,1269.84
17288,8,7,1419.73
14656,168,2,291.05
14132,1,12,3580.13
14549,310,1,289.24
13477,37,7,1441.53
15460,353,1,216.76
14936,8,9,8117.42
12822,70,3,918.98
15978,76,1,1098.78
14784,25,2,289.99
13617,39,3,544.18
14537,57,1,355.56
16904,3,16,3754.27
16624,80,2,810.5699999999999
16249,52,5,1800.07
18077,7,11,2633.0099999999998
18062,172,3,720.52
16115,9,8,1667.97
14808,39,9,2175.37
15314,198,1,327.97
17422,15,7,1853.1299999999999
15067,77,3,1744.76
12700,7,5,4867.99
13218,126,1,62.63999999999999
18190,191,3,274.51
12828,2,6,1018.71
15722,35,6,2181.21
14129,1,5,1123.8600000000001
12551,357,1,168.0
14799,50,1,157.7
15573,31,2,607.45
18217,28,2,621.75
13736,4,3,724.0
15704,139,4,2293.62
12840,143,5,2714.27
15969,2,4,582.9
14141,2,5,879.0300000000001
12712,22,14,4241.63
13224,59,3,2150.85
15847,37,2,389.27
12435,79,2,7829.89
14915,85,3,258.83
17291,307,1,550.8000000000001
18196,94,2,689.13
12572,8,3,1004.72
15454,361,1,179.1
13370,365,2,721.32
14138,1,2,982.3800000000001
14790,16,4,745.06
13751,287,1,296.25
15448,312,1,494.64
17169,49,3,816.88
13093,266,9,7741.47
13870,1,9,2751.25
16895,64,1,219.14
15707,34,4,945.58
15466,84,1,334.53
15981,24,8,3408.48
12420,63,1,600.39
18071,257,2,453.0
13236,24,3,727.27
16359,6,10,1460.3700000000001
12816,95,2,572.2
16883,186,2,276.73
13501,242,2,1310.47
16493,72,5,1329.66
17029,110,2,716.0
16109,218,2,611.88
14135,1,15,4690.31
14406,118,1,156.75
15853,51,1,110.8
15963,19,2,470.76
16225,44,5,1096.32
14418,3,3,1937.25
13209,29,9,5820.16
16505,31,1,777.6
16365,17,9,1540.42
14412,34,3,761.3299999999999
15329,34,4,1005.5
13882,2,6,1131.28
17809,15,13,4627.62
17419,10,13,4200.97
17035,245,3,388.33
12837,172,1,134.1
15719,32,14,5043.96
12956,305,1,108.07
14388,8,9,3172.04
13739,17,1,216.9
12953,9,1,329.85
12968,111,1,135.95
16097,239,1,185.04999999999998
13343,172,2,303.93
16103,6,6,1429.64
15174,322,1,135.75
15984,2,11,2816.97
16880,30,7,1519.08
16106,65,1,108.38
13239,261,1,329.56
17038,29,1,112.4
16252,365,1,-295.09
12691,27,6,1035.8
13611,88,4,1158.2
17026,184,2,154.82999999999998
12566,72,2,346.7
12557,15,5,11990.960000000001
13602,64,1,428.89
15049,273,1,121.17000000000002
15043,30,1,537.0
15335,53,1,173.97
16776,59,1,388.28
14659,8,10,2456.53
14921,29,2,1316.07
16094,11,5,1041.83
16773,56,1,171.59
13995,14,6,1383.49
12444,20,5,5005.46
13489,104,4,449.52
17017,2,21,8574.11
14805,14,4,554.65
13626,252,1,257.23
17148,51,1,124.88
14150,35,2,658.64
13763,62,2,1689.46
13495,7,6,1990.1200000000001
13078,0,27,12432.28
16496,8,4,1562.22
18074,373,1,489.6
16091,154,2,315.06
18211,25,5,600.07
17553,129,1,1487.6
17940,48,11,1983.5800000000002
12560,4,4,2101.39
12709,2,16,9294.1
17160,30,6,3518.03
13355,121,1,674.7
16892,0,6,496.84000000000003
13221,239,2,847.41
17690,29,16,4748.45
13099,98,1,207.35999999999999
16353,3,23,6675.71
13745,150,2,291.54
17797,21,3,780.43
15457,261,1,237.07
15186,13,2,411.41
16380,60,1,1780.59
17425,18,2,759.17
15180,366,1,87.5
14528,36,1,364.21999999999997
14796,0,18,7839.51
16383,74,2,668.36
15725,14,1,415.25
12450,155,2,197.88
15579,68,2,348.6
18068,288,1,101.69999999999999
15195,2,1,3861.0
17282,129,3,1703.41
14534,2,19,4075.35
14543,3,17,2916.17
13885,188,2,506.8
14540,9,3,996.26
18080,18,2,1231.5
13474,235,1,229.59
13760,53,2,286.79
18193,150,2,212.96
15073,9,4,612.43
17163,21,2,293.1
13632,24,6,2117.02
15463,28,1,126.14
14525,8,10,4221.37
12950,1,3,1843.0
15046,8,16,5064.01
15716,145,4,1118.81
14665,60,6,1258.38
14004,42,7,4582.64
17166,38,3,189.49
13483,65,1,140.34
14918,115,2,1610.15
15987,11,7,1451.28
17297,16,1,131.78
15326,333,1,311.71
14257,50,6,3087.27
15841,63,5,1209.1
17139,15,13,10585.57
18065,5,15,2380.08
17416,29,8,6838.34
13358,268,1,439.03
16499,359,3,319.1
16898,25,4,444.46
15192,119,3,1044.32
15198,91,2,193.64
16377,266,1,676.2
15582,24,3,682.9100000000001
16484,173,3,379.4
15570,6,13,4109.97
17014,7,4,565.58
13867,30,3,1015.29
15070,372,1,106.2
17812,12,4,732.16
18202,199,3,1396.99
17535,279,1,164.4
15975,83,1,371.01
13614,23,4,1610.46
15058,24,11,2124.9900000000002
17410,15,5,1214.72
14653,0,7,1947.55
12834,282,1,312.38
17946,232,2,149.57999999999998
16746,4,19,6694.31
14284,30,3,578.45
12965,88,1,771.91
18205,35,2,517.36
12694,69,2,869.67
17562,13,8,1107.38
15201,78,6,927.84
17154,74,1,329.34
16621,51,4,813.48
17931,133,2,408.36
16222,317,1,846.72
13227,201,1,257.7
13873,119,4,381.7
16633,16,7,2878.15
12441,366,1,173.55
15701,1,4,1542.14
16368,1,2,497.43
17800,36,9,1199.01
14126,7,4,643.6300000000001
16362,31,6,652.07
12578,20,3,2753.36
13888,119,2,605.63
16356,197,4,210.32000000000002
14272,73,2,437.96
14924,245,1,310.05
17157,7,3,306.55
13754,151,2,282.59999999999997
18220,219,2,297.78000000000003
12423,0,9,1849.11
17693,135,2,187.02
15835,43,4,954.09
16907,28,5,981.65
14912,16,3,841.52
17011,29,1,270.9
17928,44,2,212.54
17684,43,1,239.41
13233,73,2,605.12
17806,10,1,546.04
12685,27,6,2863.08
15442,248,1,594.0
17824,50,1,298.4
17934,51,2,704.25
12962,6,2,266.39
13629,22,11,7792.36
17279,57,1,187.82999999999998
16761,96,1,316.62
16755,113,4,1484.63
17666,3,2,728.16
14147,48,3,468.4
17678,263,1,298.11
14403,129,5,1426.31
13471,0,4,2531.58
15728,48,1,-134.8
14409,70,7,1908.25
15320,43,1,267.13
15844,45,1,130.73999999999998
15832,253,1,836.79
13090,8,15,8689.39
14016,153,5,4328.46
12831,261,1,215.05
12697,20,4,939.02
16639,24,4,1169.38
14546,3,6,2487.02
13364,66,2,0.0
13486,77,3,1122.41
16770,57,6,744.9
17538,25,1,98.42
15436,11,3,1122.53
17556,205,1,157.9
16618,30,6,2630.64
16511,21,3,950.26
15445,263,1,113.5
16752,372,1,207.5
15713,142,3,346.75
13230,3,15,2763.41
12947,143,7,1407.29
12974,197,1,144.8
14793,3,2,214.14
14019,46,4,1398.96
16889,194,3,1578.67
13742,16,13,3102.42
17431,312,1,403.3
15990,43,2,792.11
12426,194,1,582.73
13748,95,5,948.25
13102,0,25,6336.29
14930,108,3,2372.86
17669,42,7,3406.7200000000003
16877,11,6,853.72
17547,371,1,-11.8
13340,44,7,10736.48
16642,4,3,679.83
16764,3,14,2758.25
15332,365,4,1661.06
12581,39,1,197.71
16758,64,1,369.34000000000003
16121,56,2,867.11
15829,98,2,636.14
12703,63,2,274.7
14022,224,1,440.0
15597,29,2,315.71999999999997
15850,18,2,238.85
12429,8,4,3750.4
15567,18,1,186.01
15856,3,28,16173.67
15204,356,1,316.58
14001,45,4,2030.3300000000002
17955,198,4,557.3
14397,0,20,2556.68
15308,270,2,302.27
18086,273,1,101.34
13623,30,6,672.44
13352,7,2,389.28
14415,0,14,5811.56
13349,10,1,247.32
17937,8,7,4301.22
12432,42,5,5059.32
15576,37,1,940.6700000000001
14013,109,3,473.02
13212,8,4,780.58
16767,30,11,5580.6
16243,33,2,409.1
12438,13,2,2906.85
15752,39,8,2628.93
15609,182,2,270.03000000000003
15749,234,4,21535.9
13004,11,19,5613.43
13656,164,2,379.65
16416,26,4,1026.99
16017,46,1,211.88
13644,8,5,2597.52
15347,365,1,201.60000000000002
14037,175,2,147.20000000000002
17044,8,2,897.4300000000001
16526,171,1,290.36
16678,2,13,3013.83
17574,242,1,185.65
16794,0,11,1201.51
18101,10,2,223.65
17330,22,2,363.9
12593,108,3,418.09999999999997
14305,70,4,1803.76
12733,233,1,383.95
14180,10,26,4640.77
17461,22,3,757.46
16011,7,16,3362.71
14311,224,2,229.71
17190,58,3,249.74
18113,368,1,76.32000000000001
13385,329,1,534.57
14436,98,1,89.06
17985,21,1,634.95
17181,56,2,239.92000000000002
15210,224,1,331.18
12480,27,4,3281.63
13772,33,3,1132.13
12989,2,16,6854.51
13120,238,1,30.599999999999998
12474,16,19,7116.47
12614,277,1,315.6
15603,78,1,48.480000000000004
12852,289,2,299.75
13108,372,1,350.06
12995,77,2,200.72
16413,56,1,262.2
17580,252,3,215.72
17595,11,2,388.79
16517,276,1,162.7
13391,203,1,59.8
14421,56,2,813.11
17324,17,4,990.23
13135,196,1,3096.0
17333,85,1,494.25
13117,21,8,984.91
12870,365,1,-14.899999999999999
17306,10,20,8600.73
12352,35,9,1545.41
13519,49,2,110.80000000000001
18229,11,20,7276.900000000001
14040,40,13,3542.19
15234,276,1,197.0
16788,122,2,597.48
14314,106,1,120.0
18104,36,1,754.64
16666,18,1,118.98
17172,74,2,313.26
14320,206,3,343.11
14844,63,4,3189.81
17967,371,1,123.07
15740,48,1,154.88
18232,81,5,582.47
16520,185,4,1036.6200000000001
17321,7,2,700.86
12736,332,1,234.0
14165,275,1,122.53999999999999
13394,1,9,2312.8
13504,63,1,295.93
16809,22,6,912.74
17711,10,2,385.1
18223,1,15,6315.2300000000005
14957,252,1,58.49
15079,212,5,893.66
17071,8,10,2385.48
12590,189,3,9861.38
14046,283,1,154.99
16913,289,1,113.44
12855,372,1,38.1
14966,14,1,191.32
15076,172,1,880.85
13513,126,1,205.1
14713,8,12,2664.2599999999998
18250,300,2,342.92
16279,20,4,1496.68
16529,189,1,455.25
17047,84,3,1100.9
14049,16,5,5639.15
12346,325,2,0.0
16657,9,4,933.62
16401,0,13,4061.24
13650,16,7,1809.34
15237,1,4,1412.32
15344,0,4,476.58
15219,175,1,305.75
15341,80,1,2020.52
13132,261,1,77.3
17062,313,5,534.47
16136,59,3,709.38
14159,19,12,4678.3
16931,4,21,4604.22
17723,126,6,3276.4000000000005
12724,4,4,1031.41
12462,1,3,1124.01
12849,30,2,1050.8899999999999
16669,23,4,1370.8700000000001
15225,233,1,409.40000000000003
14975,56,1,279.94
15353,254,2,777.02
17830,1,3,398.7
14055,105,1,725.6400000000001
15886,59,1,181.09
17041,26,4,1065.77
13525,14,2,628.78
17571,49,4,1498.51
13522,29,1,125.80000000000001
15743,15,4,784.46
12483,16,9,2327.13
18092,1,12,9065.76
15618,32,5,747.031
14317,64,1,508.58000000000004
15612,35,2,195.15
12718,70,1,238.25
12453,133,1,707.09
13269,0,16,5315.92
13260,60,1,557.62
15103,30,2,703.36
13126,4,9,2056.29
18226,38,12,5192.1
14439,319,1,2661.24
13534,1,26,5613.08
13900,182,3,740.95
17970,210,1,582.59
18235,71,3,1796.48
14963,9,5,1487.8
16404,69,1,443.05
12596,50,2,618.27
15472,112,1,371.56
13507,2,4,2479.16
13516,20,3,1389.41
13376,98,3,1019.76
13769,1,11,2771.87
16806,102,4,801.49
16407,12,10,2126.93
12727,10,8,3947.7
16276,176,1,810.6000000000001
15228,65,5,3376.96
15734,114,2,1339.45
13790,3,1,348.8
12599,28,7,1032.58
14692,136,5,582.05
16139,18,3,635.41
13388,120,3,627.15
14552,151,1,165.07
15088,20,3,1140.27
12468,142,3,724.0400000000001
13659,196,3,1550.85
16386,28,2,317.2
13510,0,5,1785.16
13373,60,3,3312.25
14451,59,2,662.59
17458,14,1,316.5
13897,49,1,311.16
15865,40,3,895.13
16142,249,1,535.34
17053,128,2,496.38
12867,25,8,3986.22
17705,2,10,1781.12
12611,51,1,1193.32
14031,6,20,14634.640000000001
15880,368,2,313.28000000000003
15615,9,24,10360.04
14698,1,5,1250.76
15475,76,1,454.10999999999996
17979,35,5,737.81
12977,155,1,39.239999999999995
13927,74,1,348.99
17589,59,4,2404.17
17443,219,1,534.24
12587,7,1,144.0
15996,87,7,1044.78
13248,124,2,465.68
16258,44,5,5203.51
13784,9,11,2462.79
15478,39,2,1441.42
16535,4,1,593.75
15356,30,10,2766.5
16261,16,4,746.83
16800,10,1,1201.49
12873,281,1,374.0
13242,111,3,270.40000000000003
17059,29,5,3095.04
14162,173,2,289.36
12864,137,1,147.12
15493,32,6,1967.25
17696,37,9,2201.05
16532,17,3,6748.8
17827,4,5,1995.46
15755,0,7,2318.88
16940,51,3,3049.88
13138,21,6,962.39
16020,16,3,851.01
14954,11,1,336.17
16392,269,1,221.19
14704,10,9,1546.91
17848,80,9,901.1999999999999
14576,371,1,35.400000000000006
16919,155,11,2596.45
14841,52,6,3295.76
14820,20,4,507.29
17702,29,5,1719.72
13787,75,2,309.04
16934,54,2,950.9300000000001
15100,329,4,635.1
12465,7,3,733.89
17068,11,22,4531.34
15758,24,1,205.25
16916,23,2,576.26
17446,176,2,120.9
15874,62,8,4330.67
12456,43,4,3153.89
16910,3,8,1510.06
14573,179,10,1603.72
16648,38,2,270.85999999999996
12477,22,7,13117.01
15877,1,3,440.78
15097,3,1,248.08
12876,57,2,2218.02
13638,15,1,122.64
14448,8,2,375.35
14829,28,5,644.65
16145,8,12,3741.98
13266,10,13,3717.67
16255,16,9,2609.3
16270,352,1,1141.24
13382,280,1,222.99
17312,138,3,644.3
13778,102,1,178.7
14951,78,1,311.69
16803,64,1,332.3
15746,133,2,182.96
17464,157,1,289.96000000000004
15621,3,5,1158.77
18119,367,1,181.12
17964,31,2,471.7
17303,360,1,250.04
15213,318,3,325.05
15222,318,1,585.0
17720,25,4,1195.94
16023,45,3,719.81
13662,85,4,879.08
17193,35,8,1674.46
15365,25,8,1330.45
14817,199,2,1110.34
15737,14,9,1121.21
13379,25,3,572.56
17434,1,8,2333.42
12721,31,7,2628.98
12980,155,10,7092.06
14960,7,2,221.27
16008,23,3,478.78
17175,43,5,1430.94
13647,9,5,1670.22
17714,320,1,153.0
17976,371,1,353.19
15091,53,2,476.96
14972,127,1,114.77
16523,1,22,9295.67
16791,28,8,1706.28
17854,184,2,311.26
18116,67,8,1418.03
17440,147,4,177.1
16127,38,1,656.25
16148,295,1,76.32000000000001
14052,19,1,225.36
14171,97,1,363.79
17973,51,1,337.04
17836,46,1,110.21000000000001
15106,17,6,1407.73
18241,9,18,2058.09
12605,364,1,-7.5
14424,17,1,322.08
16014,35,4,653.13
13781,250,1,127.84
15484,0,5,3563.11
16654,140,5,594.97
17449,1,8,2504.86
13397,72,6,1539.18
17988,11,8,191.17000000000002
16005,11,4,615.39
17455,203,1,131.7
16389,52,5,1362.27
14823,179,3,321.43
12739,77,2,1013.04
15862,7,4,832.88
16660,15,5,810.4499999999999
15368,20,1,446.94000000000005
17309,94,1,82.75
14948,22,7,1066.57
16282,339,1,168.3
12602,58,1,153.12
14582,40,1,114.11
13924,1,7,1682.08
14555,56,2,324.14
14710,13,4,606.13
13001,3,14,9797.92
17839,41,1,338.8
17187,226,1,203.95
17958,116,1,508.4599999999999
14290,10,6,2307.4500000000003
14293,2,4,1046.56
15469,42,3,504.5
14561,75,3,1080.76
13531,204,2,483.8
14189,1,16,4604.31
15606,56,10,2422.64
15216,87,1,96.6
14701,10,10,2486.2200000000003
14034,21,4,512.02
17050,95,6,3228.84
16782,9,14,2242.25
12715,105,1,353.86
12349,18,1,1757.55
16398,144,3,1631.15
13635,67,1,1071.03
14442,1,3,1544.62
14177,84,5,554.46
15993,8,8,2756.82
16124,315,2,187.15
13245,50,1,430.5
15624,116,4,588.13
18110,18,2,206.05
17708,187,2,267.08
14174,32,1,134.46
18095,312,2,580.0500000000001
15630,44,3,1180.4
12584,3,10,1893.95
16779,1,23,10454.05
14299,7,10,2855.35
15350,372,1,115.65
13918,49,2,1212.8400000000001
14567,34,3,1524.46
16672,1,21,8093.59
16928,79,18,2781.5
15889,156,2,446.87
14427,49,2,363.34000000000003
16395,60,5,1486.9
17065,142,1,-112.35
14689,208,1,112.8
14570,280,2,218.06
15883,1,2,396.48
13936,170,2,361.28
15133,127,3,982.42
17747,99,2,64.65
16160,63,3,1009.4499999999999
14341,44,9,2166.38
12635,89,2,1689.18
14204,1,1,161.03
13141,84,6,2385.8
13680,0,5,2202.31
15520,1,1,343.5
16696,134,4,657.9000000000001
18268,133,2,0.0
13421,39,3,1848.98
13284,322,2,196.15
16824,15,2,460.64
16309,91,3,686.67
17095,21,4,1088.2
15130,169,1,330.11
14719,1,6,1592.18
13153,5,1,486.22
16943,211,3,816.73
14338,157,3,554.22
14850,311,2,278.15
15782,9,4,2593.94
13951,175,3,674.45
12513,84,2,586.79
13040,8,2,676.99
17226,308,1,393.49
14859,12,5,1352.04
16297,212,2,275.4
16184,63,7,1155.54
16303,25,4,5305.83
12885,62,4,1158.27
15127,65,1,406.53
12647,21,13,3669.92
15124,22,2,184.19
17235,24,2,550.06
17863,58,6,3160.0
14201,59,8,688.04
13546,11,3,626.99
18015,3,1,120.03
17214,59,7,984.12
12516,77,2,1312.06
15121,49,2,457.72
15502,15,13,5541.46
15651,36,3,646.3
16574,70,1,451.44
12370,50,4,3545.69
17628,80,1,75.75
15925,193,1,207.15
13939,22,4,556.75
12641,114,1,185.9
17884,3,4,717.45
17601,238,1,116.00999999999999
12644,129,1,477.91
12498,20,3,403.70000000000005
13823,18,2,957.66
18280,277,1,180.60000000000002
15398,15,3,1339.63
16830,38,1,325.91
15654,8,2,922.53
15118,133,1,244.8
13954,1,3,378.59
15922,371,2,363.6
14222,176,1,683.17
15648,203,3,599.9
12757,15,14,4227.7
15115,17,1,340.11
13403,17,1,75.0
16157,15,4,644.24
13802,137,4,3906.27
17881,303,1,133.35000000000002
14722,146,1,187.92000000000002
18283,3,16,2094.88
12358,1,2,1168.06
17357,23,2,388.14
15243,73,1,316.68
15776,132,1,241.62
14216,2,4,1839.3
14073,20,2,139.54
13016,72,3,789.89
15639,133,1,425.32
12620,14,3,1339.41
13826,157,2,174.65
14472,103,8,1936.84
17080,21,3,285.5
14466,28,7,2272.4
14871,2,4,522.38
13811,183,4,591.75
12763,137,2,494.08
13668,2,22,6216.07
18265,71,2,801.51
17878,43,1,379.45
14865,6,2,52.2
15532,24,5,1517.08
14481,164,2,636.51
14591,14,4,1447.14
12766,3,7,6989.63
14868,2,9,2939.64
12772,59,1,892.47
14594,6,2,379.83
13013,0,14,4786.99
14600,305,1,393.33000000000004
15910,0,8,1232.18
14329,8,8,4928.74
13427,18,3,582.6
15380,8,6,1682.3600000000001
16169,7,4,1822.97
15240,44,6,1685.57
13165,45,2,1021.48
16818,10,12,3317.97
17470,44,5,1125.07
12373,310,1,364.6
15246,237,2,514.15
13299,267,1,142.5
17735,1,19,13110.02
15392,4,5,1515.73
13695,30,15,2504.13
16955,184,5,493.67
16175,93,4,1037.59
17217,233,1,113.5
15517,232,1,267.03
14716,42,2,329.68
17220,23,14,3198.25
16711,2,5,1651.03
17232,2,2,421.52
13555,73,4,4149.28
13552,65,13,3539.53
14198,3,5,663.5
15389,171,1,500.0
14332,22,3,866.31
15249,31,14,6657.36
16705,0,21,13946.130000000001
17759,16,3,834.99
13960,20,2,230.22
15657,22,1,30.0
13028,22,3,659.68
17890,322,2,602.09
16425,301,1,302.7
14195,201,3,962.7
14987,15,2,326.4
14475,71,4,799.82
16449,190,3,674.69
13278,40,1,542.73
12775,16,6,1351.24
13272,30,2,276.56
13692,24,4,1466.8700000000001
14335,15,2,468.26
15645,18,1,612.01
15898,0,6,1384.68
17613,22,15,4509.37
14219,3,1,89.94
15505,52,6,3497.14
18122,7,6,1826.21
15904,7,1,164.68
17738,18,5,1863.35
18146,140,2,160.35000000000002
13689,62,1,910.0
16026,42,1,236.09
12882,8,2,1463.04
18018,107,2,122.14
13930,57,2,337.34
12361,286,1,189.9
15264,63,1,393.74
16434,28,7,1522.25
16952,108,2,167.61
17619,311,1,218.52
14064,28,6,1188.32
16172,94,5,1140.21
17866,142,2,325.7
16967,188,1,319.02
12504,17,3,114.0
14740,190,4,1423.21
17744,3,7,2291.08
13162,121,5,1644.99
16181,72,1,305.54
12769,238,1,1143.6
12897,204,2,216.5
17491,0,11,3541.92
13561,215,1,141.85999999999999
17997,73,9,1511.3
13302,154,1,63.75
16038,7,4,454.33000000000004
15785,29,6,2303.75
14079,124,1,375.1
16842,63,4,1260.44
12906,11,5,2919.81
14082,364,1,182.25
18259,24,3,2338.6000000000004
12367,3,1,168.9
15916,15,9,1491.24
16163,224,3,441.59999999999997
16681,72,6,1770.34
17345,14,4,537.74
12891,185,3,331.0
15270,15,8,2298.2
16187,31,16,6841.24
17101,9,4,1621.73
15374,128,1,168.0
16571,2,4,1285.22
13144,332,1,110.95
12754,235,4,2949.12
13037,137,3,881.07
16693,68,2,482.01
17732,372,1,303.97
14856,35,3,1311.3799999999999
17205,53,1,384.08
13564,143,4,647.74
13168,35,5,1310.14
13948,360,1,102.0
13171,7,4,426.81
14344,126,8,889.9300000000001
17860,368,1,252.8
15261,134,1,254.82
17887,128,1,111.35
16949,3,7,1161.27
16836,39,2,251.87
14484,49,1,321.92
14076,128,1,122.47
13034,54,2,642.77
15773,5,1,635.6800000000001
17211,26,9,2299.67
14350,270,2,258.7
13817,28,2,382.98
13549,25,8,916.12
16318,34,1,328.15
17604,216,2,309.36
13799,116,2,688.86
16553,162,13,5664.57
16550,108,6,2266.25
18256,354,1,-50.1
15660,24,10,1552.01
13814,55,3,1562.12
12909,39,6,2128.83
14853,8,3,463.05
16428,80,1,-2.95
17616,173,3,571.1999999999999
16565,363,1,173.7
15901,16,3,363.88
13558,5,4,605.06
14978,71,5,1931.42
17083,108,3,1405.78
14597,10,2,883.15
12778,19,7,804.23
16306,213,7,602.27
16050,173,1,137.9
18277,57,2,97.63
13808,5,5,1747.66
14213,371,1,-1192.2
15252,35,2,740.78
14457,310,1,113.64
18125,29,5,1141.34
18006,22,1,444.68
18009,234,2,252.24
17360,16,3,585.79
13686,182,1,72.0
18143,116,2,1000.16
17223,309,2,426.79
14847,148,1,309.4
15907,3,3,967.45
18262,139,1,149.48
14981,245,1,102.12
16961,115,1,234.17
14326,234,2,166.85
12617,28,1,355.53
14463,97,3,529.62
14323,114,3,574.26
14585,49,1,157.05
16833,0,4,1106.53
12501,314,2,2089.68
15526,32,2,148.44
15523,83,1,412.01000000000005
15109,240,2,463.75
12489,335,1,334.93
14862,25,2,841.1999999999999
12626,22,10,6388.35
16419,112,7,959.48
15002,115,4,1641.76
18149,50,3,612.0799999999999
14737,3,3,1164.55
16446,0,3,2.8999999999941792
15136,2,5,1282.45
16556,66,7,3313.79
16812,360,1,479.35
13159,8,5,1379.75
13147,9,4,712.8000000000001
17339,93,2,243.36
16315,330,1,226.37
18274,17,2,1.7763568394002505e-15
14725,24,1,718.08
14210,90,7,1900.89
14085,1,19,4435.79
16690,43,3,208.63
14731,46,3,380.02
16041,30,3,3166.4
12507,133,4,1258.06
17092,49,4,1777.78
12879,44,4,552.5699999999999
12492,62,2,263.21000000000004
13933,108,2,608.7900000000001
12379,81,3,850.29
12638,32,1,671.69
17625,17,4,2047.0
15663,105,1,138.14
16708,45,1,656.63
17869,106,5,428.18
13418,11,19,5845.44
13805,51,2,924.6
14353,214,1,90.6
12510,142,2,982.5699999999999
14460,109,4,383.34
17991,224,2,93.35
16053,32,2,1511.95
15255,66,1,890.85
15511,11,5,909.23
14609,71,4,601.56
15508,188,6,1000.27
15895,149,1,179.17
15514,11,12,2963.19
15919,19,2,639.89
15139,239,2,178.96
17348,14,5,1159.52
12355,213,1,459.4
13296,136,1,87.4
17229,95,2,318.76
12364,7,4,1313.1
15529,22,12,3967.78
16431,212,3,642.81
16056,44,1,664.85
17750,4,9,1797.57
15395,325,1,107.45
15386,185,1,394.14
14603,274,1,660.0
15764,80,7,3245.47
17994,121,5,629.6899999999999
14067,63,2,374.7
15791,43,3,1604.44
16178,137,1,197.9
15267,21,5,1717.36
16440,7,5,3640.67
12888,213,3,313.77
13430,18,3,648.6899999999999
15636,89,2,724.76
17351,35,3,587.15
17354,50,1,1393.06
17086,6,6,2050.08
14984,18,2,213.27
12623,275,1,305.1
15258,168,2,623.16
12412,74,3,1226.88
13573,49,2,294.4
16348,31,7,1469.45
15410,83,8,3450.84
13311,3,2,598.57
15949,16,2,364.72
14642,58,1,96.12
14880,76,3,706.19
13963,307,4,664.54
17244,52,1,954.9
14362,21,1,161.2
16330,17,4,242.21
14639,51,7,2952.34
12662,0,12,3817.08
15800,106,2,699.08
18164,30,2,394.7
13061,71,1,248.61
16479,9,2,300.83
17250,3,2,384.52
17247,14,1,282.19
13704,4,10,2295.31
14907,2,8,3478.85
12790,191,1,324.92
12397,35,2,2409.9
16592,3,17,4073.28
12942,130,3,683.9
13853,8,2,1056.94
12528,8,7,1922.28
16217,234,3,259.39000000000004
12531,14,1,125.22
17908,373,1,243.28
15172,8,5,1624.05
13308,22,4,1367.6100000000001
17771,56,2,245.81
17524,360,1,145.0
16482,15,1,220.62
17372,40,8,1342.68
15952,33,4,806.57
13710,31,1,180.48
16866,140,3,207.73999999999998
16470,51,5,757.44
13832,17,2,40.949999999999996
16345,43,1,575.41
15288,42,5,2306.52
14636,35,2,609.85
14621,0,6,1765.76
13305,3,10,2000.86
13436,1,1,196.89
14904,1,2,1025.44
18027,98,1,115.31
13591,64,3,1117.13
15026,79,3,469.0
13990,212,1,311.3
16982,60,1,384.06
15669,39,5,677.69
12519,63,1,340.84
13835,24,4,834.57
13183,7,9,3957.78
16613,69,1,618.59
17637,30,2,547.0600000000001
17914,3,1,336.43
15163,17,2,304.47
17777,24,3,665.86
15032,255,4,4464.1
17131,4,5,2463.17
12391,21,1,460.89
16744,10,7,1304.76
15291,25,16,4596.51
17917,44,3,341.28
16455,63,7,1841.18
18024,152,3,236.77999999999997
12650,2,1,314.44
17134,106,2,425.0
14234,21,4,775.46
14243,8,11,2535.88
14758,144,4,1484.06
17655,10,8,2571.7400000000002
17515,30,4,639.02
13320,69,5,1491.7
18048,202,2,172.29000000000002
15821,43,2,570.96
16735,78,6,2269.21
12793,334,2,545.48
13046,30,2,629.31
16732,31,1,603.75
18176,353,2,448.65
17899,158,1,155.8
17384,18,2,336.4
13177,64,1,282.45
17530,0,10,2385.0
13707,266,2,806.41
13844,10,1,361.62
13174,15,3,2817.03
14359,18,4,882.58
14755,9,12,4965.38
16586,248,1,463.95
17268,107,4,763.64
17506,69,2,294.29
17768,7,3,2273.1800000000003
17509,57,9,6100.74
12915,148,2,363.65
15547,6,14,4954.84
16080,81,3,176.6
15428,14,1,93.78
14627,311,1,-21.85
12418,112,1,668.58
17387,19,2,784.11
17500,16,3,1138.0
16601,40,1,244.79999999999998
15958,73,1,104.35
16589,70,3,459.24
14645,156,2,597.09
13841,252,1,85.0
14511,10,6,1267.4099999999999
17503,2,2,558.96
15422,322,2,97.7
12403,49,2,409.7
16086,58,6,1119.31
12406,21,3,3280.75
13466,99,2,297.95
14112,22,8,2774.17
13856,168,4,363.4
14493,6,6,2362.84
13850,87,2,1586.81
13460,28,2,183.44
12802,183,2,412.58
14770,231,2,876.42
13969,6,19,8986.69
16717,8,7,3278.36
16976,266,1,251.51999999999998
17512,28,11,2920.04
17107,32,7,10380.43
17259,147,2,603.37
16059,65,6,1459.8600000000001
14237,372,1,161.0
15565,49,2,173.16
16324,127,3,428.68
15160,356,1,158.16
15562,351,1,134.55
16065,364,1,372.09
17640,86,1,621.66
15154,73,2,240.27
16595,60,1,360.16
12674,11,5,1919.31
13972,70,2,190.25
13978,14,2,196.79000000000002
17396,38,8,7330.8
15541,113,1,85.13000000000001
14100,137,1,194.9
17774,96,5,1215.46
13067,81,1,115.46000000000001
15157,3,4,1869.5
12936,16,5,1012.9
14121,3,5,2740.3
14368,319,1,155.0
16863,28,3,481.35
14776,50,12,2195.58
15419,24,1,135.86
13588,15,10,2445.12
18030,3,3,220.7
17527,53,5,888.86
16342,74,4,322.41
16351,332,1,153.9
12388,15,6,2780.66
15416,64,5,3974.37
14377,190,2,617.05
17631,1,3,528.33
12787,9,3,463.66
14517,32,2,330.45
12784,8,2,574.42
15940,310,2,31.799999999999997
13317,63,7,2140.07
12781,20,3,707.72
17649,134,2,861.74
12939,63,8,11581.8
15812,106,5,1801.14
12912,2,5,1662.3
14246,110,3,1474.06
17119,2,3,593.61
13192,94,2,911.94
15535,172,5,459.9
12534,130,1,1089.18
16211,80,2,542.77
16193,236,1,314.45
17253,17,1,178.26
15937,63,1,145.35
14901,10,10,1414.99
13838,5,4,691.73
18179,8,6,1793.17
13859,325,1,201.16
13070,191,1,228.8
16062,9,4,1153.62
13725,49,9,1809.81
15809,35,6,399.21
14356,59,3,666.9399999999999
13064,12,4,1119.49
16726,25,5,1382.02
14898,22,7,1228.32
14502,19,12,2351.02
13043,253,2,471.57
15553,59,1,437.23
17783,71,2,283.47
13448,16,7,3465.67
15145,3,4,1194.73
17110,164,1,163.29999999999998
13975,30,7,2503.23
17262,51,5,1253.3600000000001
15276,65,1,135.31
17238,2,17,3744.65
15806,45,3,784.58
18167,3,4,1355.51
14910,2,5,389.86
15827,72,15,1641.48
16997,287,3,702.0
17122,118,1,138.32
18161,9,6,1612.79
15681,17,6,946.36
14508,21,2,276.42
17265,138,2,562.9
15148,10,1,301.29
17905,70,4,800.24
13439,254,1,283.71
15142,45,1,498.74
12546,46,3,1141.5
16988,4,1,126.12
18155,74,4,347.82
12930,77,3,409.9
14231,178,4,822.0600000000001
12808,36,3,483.65000000000003
14618,8,4,538.59
13829,358,1,-102.0
12653,148,2,2209.85
13052,211,1,348.15000000000003
16202,360,1,365.27
14514,60,3,1055.35
16083,100,2,1317.62
12394,63,2,1272.48
16985,16,11,5461.62
17789,280,1,225.9
16205,30,4,761.38
14895,7,21,11020.26
15279,354,2,277.40999999999997
13722,119,4,2369.16
13451,25,6,2916.45
14371,294,1,100.5
14499,25,3,815.32
13055,63,4,1201.96
13058,24,3,271.40000000000003
16875,63,6,2023.47
13189,18,2,260.68
15014,42,2,260.17
15303,289,1,574.02
13314,1,4,578.66
17911,8,1,366.23
15297,9,4,635.04
14386,296,1,142.4
15035,89,1,252.73000000000002
15550,3,4,575.63
17375,189,4,372.5
13579,14,2,467.04
17643,372,1,101.55
18158,8,3,451.75
18033,64,1,97.97
17634,35,9,2361.9700000000003
16607,17,15,3038.67
13329,31,3,740.4
16339,283,1,109.95
12409,78,4,11056.93
13332,13,1,350.9
16458,2,18,3482.7400000000002
16583,373,1,233.45
16461,177,1,151.42
13323,2,5,787.85
16610,218,1,75.66
16848,52,1,281.42
13984,26,6,488.03
12659,29,1,91.68
17920,3,17,4204.1
14889,335,1,135.9
14764,43,2,250.55
15687,8,10,2981.5
12924,87,5,929.95
14240,29,2,890.34
17521,23,4,721.9599999999999
16327,13,6,3844.22
16720,25,1,155.24
16214,170,3,1062.75
17893,224,1,112.25
13049,63,2,656.6800000000001
14633,265,1,344.90000000000003
16851,3,3,342.45
15797,112,4,2207.4
14761,58,2,255.9
16738,297,1,3.75
15023,2,12,6763.16
13728,36,6,1016.14
16190,39,1,215.08
16208,44,2,664.26
15803,50,1,415.82000000000005
18042,53,1,165.04999999999998
16071,44,1,326.24
15041,169,1,180.35
15038,42,7,665.59
17646,218,4,995.6600000000001
17923,281,1,207.50000000000003
14109,22,2,80.2
14779,280,3,386.15
18036,31,3,405.62
15556,23,1,279.77
17658,10,3,485.88
18045,44,1,189.4
15017,33,1,125.58
13594,52,1,396.97
14624,56,2,225.85
15675,80,3,323.69
13198,9,7,3384.09
16321,71,6,230.70000000000002
14505,16,9,5818.7
12933,23,4,606.28
16714,218,4,911.53
13570,242,1,239.49
17125,49,1,259.35
15955,23,15,4389.81
14487,26,7,1183.58
15678,52,1,352.7
13716,268,1,138.28
12668,6,5,3743.18
17765,158,3,371.88
15690,3,2,239.76
15300,63,1,496.44
16872,76,3,680.02
14883,18,7,756.64
17786,84,2,278.74
16598,276,2,140.7
13719,14,5,1041.68
16723,90,2,589.15
18173,86,4,2106.84
17652,24,13,4737.13
14886,252,1,364.8
15544,8,10,3542.51
15696,32,9,2644.46
12656,16,6,3982.72
16729,35,22,7076.28
17128,334,1,157.09
16979,3,7,1809.05
12680,0,4,862.81
17256,106,2,240.0
16464,19,3,1314.68
14383,37,3,1247.69
18170,32,3,980.31
14752,43,1,389.64
18185,248,1,304.25
14496,311,2,538.8100000000001
13576,9,19,6703.3
17006,4,4,781.78
15407,33,4,1056.44
13186,39,4,1539.69
12540,19,18,13309.039999999999
16869,22,5,805.62
15434,7,6,997.48
12522,38,2,192.72
12811,260,3,514.85
12665,324,2,61.75
15815,63,5,2100.6
17896,22,1,256.32
16473,164,4,314.86
16762,19,3,1501.38
15988,18,1,158.03
16750,44,5,623.93
16497,49,6,2965.69
14130,318,1,483.86
14657,17,5,838.27
15074,104,1,748.87
16122,72,4,684.4200000000001
16768,47,4,458.04
15053,4,3,697.79
17033,85,3,1030.14
17405,0,4,967.22
13207,14,2,250.26000000000002
12948,15,8,2053.7
15059,40,10,1325.82
13877,85,1,117.24
13103,39,1,243.94
16247,169,1,114.56
17536,176,1,76.5
12564,260,1,456.9
16244,211,2,1522.75
17423,44,3,663.63
12838,33,2,683.13
16378,246,3,362.95
15184,28,2,406.76
17015,28,3,1842.56
13999,9,13,3865.26
15720,23,1,598.73
17158,31,3,1266.97
14675,15,1,604.75
13094,20,13,1708.8600000000001
12683,3,16,8221.09
13737,199,1,339.59999999999997
18078,216,2,336.13
13225,2,8,6083.04
15199,58,4,1268.7
17560,94,5,854.95
17664,18,2,604.64
16878,24,2,0.0
18072,154,2,-5.329070518200751e-15
13362,2,5,3085.4900000000002
14785,9,2,77.4
12966,9,1,160.18
15306,63,3,1174.35
13359,58,2,431.26
14669,241,3,1269.99
16637,31,5,1124.59
13210,93,1,353.48
15598,34,2,235.68
13731,218,2,610.59
15568,2,3,758.29
17301,20,1,197.63
14273,50,4,559.97
16899,7,6,1281.56
13365,8,3,2191.22
18191,261,1,207.79999999999998
16250,260,2,389.44
14276,87,4,1019.39
16363,52,1,109.36000000000001
12704,6,9,2220.84
17545,42,3,645.96
14258,8,10,12650.08
13621,116,1,213.85
16643,245,1,487.51
13761,49,2,1070.65
12713,0,1,848.55
13880,20,13,3219.77
16360,4,7,3411.69
12445,21,1,133.4
12424,162,2,1760.96
14023,6,2,584.07
15193,60,1,499.32
17679,52,2,1992.1100000000001
12561,302,1,238.85
15717,233,1,150.3
16905,4,8,3085.48
15068,45,2,553.36
13356,79,1,768.24
14389,8,3,999.72
14782,319,1,200.10000000000002
17554,0,5,1952.45
16887,34,1,194.88
14407,106,7,2111.08
13475,190,4,1431.78
17932,28,3,1331.57
15714,11,2,330.88
17557,13,3,541.46
16884,37,2,429.84000000000003
17667,65,5,2055.51
15452,29,3,538.73
12707,291,1,603.42
15839,24,4,1020.74
17795,179,2,350.39
14145,46,5,3148.2
14005,9,5,2874.72
17813,13,6,1714.6
14544,23,2,2024.45
15178,259,1,40.5
15062,70,4,987.86
17408,162,1,32.65
13082,125,10,3595.48
15065,37,5,3135.98
18212,325,1,248.42
15845,17,9,3650.87
17676,3,7,1383.27
15708,40,8,3329.7200000000003
14666,23,1,195.25
17673,0,7,1622.22
12963,7,9,1841.03
14913,35,4,1227.43
13752,123,6,1186.28
14520,1,2,270.6
16515,51,5,1627.13
15985,122,3,1037.42
17146,105,3,749.78
15437,261,1,200.16
16253,31,3,3665.62
12573,226,1,160.54000000000002
14002,133,2,529.73
14139,45,1,415.82
16366,18,1,327.3
13874,357,1,540.45
13484,240,1,313.8
13106,128,2,59.5
17691,357,2,290.40000000000003
13344,67,3,2543.72
16369,17,3,1553.66
18084,15,2,87.52999999999999
14270,331,1,492.65000000000003
18087,97,3,3770.1199999999994
14020,16,2,642.8
13228,80,1,358.0
17548,217,2,-141.48
16881,66,1,432.0
12442,2,1,172.06
17432,17,2,365.76
17685,16,7,3191.53
13743,2,8,1340.1499999999999
14267,150,4,1279.09
13600,311,1,219.52
17402,4,13,2633.85
12689,25,2,1247.61
14413,361,1,122.7
13740,240,1,350.75
16232,32,5,983.23
13487,57,3,575.4
16774,67,5,654.92
12844,28,2,325.96000000000004
15318,3,1,312.62
14401,3,14,4039.98
16491,46,1,731.5
16771,32,5,2246.81
16226,202,3,255.12
14261,50,2,1163.45
17030,63,1,146.87
15836,44,2,117.47
16092,98,4,779.36
14788,6,2,679.4399999999999
14416,21,2,490.22
16628,29,6,2183.04
15857,18,1,297.0
15312,74,5,921.1
16485,76,1,363.65
13499,17,6,1146.96
12814,101,1,125.92
14410,15,10,576.3
15333,207,1,1028.56
15047,269,1,343.62
18215,88,1,299.34000000000003
16753,57,1,223.92000000000002
16372,32,2,367.93
13862,17,9,2187.31
16241,9,13,2607.87
18203,156,1,160.42000000000002
13615,312,2,399.99
18069,25,6,2021.82
14532,235,4,932.85
13868,6,2,3192.54
13097,32,11,5893.32
15574,177,4,702.25
16506,19,2,90.30000000000001
13481,45,6,1776.81
16229,86,2,1010.6
12695,6,4,582.1
17027,78,7,848.59
13618,173,1,177.34
12701,79,2,797.71
18066,74,1,318.0
13892,26,4,632.97
16756,214,1,239.4
14285,20,4,1910.01
14937,56,4,1617.63
14660,86,2,285.74
17926,132,2,397.29
15327,52,1,208.75
14124,83,1,419.58000000000004
15860,40,8,977.21
12421,15,5,806.27
12552,38,2,437.82
15175,71,1,224.14
16902,115,1,1706.88
13606,28,3,280.53999999999996
17140,246,1,465.32
14133,129,4,590.3399999999999
17935,137,2,145.79
15854,3,12,2974.65
17286,21,1,153.92
13338,153,2,431.82
14523,107,1,241.09
15467,8,4,511.88
15315,63,3,551.54
16110,44,3,1337.48
13350,15,3,910.72
13496,10,3,617.93
14541,58,8,1461.65
16765,293,1,34.0
13213,56,6,1518.43
18218,205,3,626.38
12558,1,2,1.0658141036401503e-14
13341,260,1,775.85
14794,2,8,1272.11
17277,227,2,1065.3500000000001
13603,25,1,164.34
17274,34,1,111.97999999999999
13755,3,10,2154.68
18200,105,1,163.8
14547,3,9,3986.7400000000002
12427,11,4,708.37
17152,194,4,1503.5
16759,7,4,772.84
12841,4,26,3876.4
15443,1,8,3212.16
15181,65,4,680.28
12829,321,3,253.05
14148,233,1,157.2
15830,28,2,547.7
17682,9,7,2459.33
16625,274,1,333.08
12945,287,1,462.95
13758,11,7,3190.55
17289,31,4,936.16
17941,130,1,304.56
14529,59,3,620.04
13630,4,8,1995.68
15592,46,1,388.58
13216,267,1,333.74
13627,58,6,1624.02
17295,28,3,556.95
14931,4,6,964.6800000000001
15321,48,4,2650.73
18209,28,1,139.10000000000002
17551,358,1,306.84
12576,35,6,1306.98
12451,10,6,8933.52
12832,31,2,383.03
15330,31,2,714.96
13091,20,2,319.82
14264,154,3,319.47
17542,269,1,170.75
14651,66,2,654.6
17956,248,1,12.75
16503,106,5,1421.43
16500,4,6,400.86
13993,31,10,3409.66
12957,3,9,3979.04
15464,337,1,1048.85
12820,2,4,942.34
15970,303,1,314.1
17018,40,2,920.1
18081,35,3,343.45
17155,17,2,251.70000000000002
16119,7,2,423.36
12567,22,11,9114.94
12826,2,8,1468.1200000000001
12430,42,1,256.4
12951,8,7,1042.07
17414,43,2,778.0
14535,58,4,2841.09
18075,22,11,2538.7200000000003
15577,150,3,258.88
14154,238,2,1345.62
16747,24,3,826.96
17024,44,3,95.85
12686,371,1,89.14
14538,64,2,388.25
12433,0,7,13375.87
17411,11,4,748.94
13085,157,3,272.38
14803,161,3,845.55
17694,141,1,283.12
16354,62,2,395.8
14800,47,13,4236.34
15044,18,18,7629.38
14806,74,1,193.39000000000001
15705,200,1,143.1
15050,24,4,1727.17
16634,222,2,217.9
16777,79,2,226.35
16357,32,3,658.88
16235,40,6,858.41
14142,372,1,311.81
15589,252,4,456.58
15973,235,2,99.77000000000002
15967,22,2,418.83
15699,17,1,309.65
16488,32,4,492.2
12823,74,5,1759.5
16107,17,7,3204.1600000000003
17298,100,2,498.42
15449,25,4,971.22
16101,8,2,1245.96
17670,227,1,205.7
13871,22,14,6389.8
17816,36,4,36.56
16104,61,1,302.36
16098,87,7,2005.63
13368,256,2,623.4
12710,96,4,1130.57
13886,70,1,243.56
15187,1,17,4670.08
14282,2,15,3729.34
17429,120,4,512.12
14014,76,1,505.18
12448,43,1,449.45
17164,32,8,2466.4
14672,234,2,765.55
14404,33,7,1434.72
16893,366,1,145.93
17929,10,5,834.5
13493,274,2,618.63
12579,72,2,410.72
15729,197,2,62.0
12582,238,2,511.36
16509,296,1,363.7
13347,69,1,341.36
13865,57,4,501.56
16113,182,1,161.38
17819,71,8,3661.0699999999997
15440,54,3,383.68
16619,253,2,204.41
14127,122,3,709.71
15723,364,1,203.1
17426,3,7,5022.26
15976,164,2,430.94
14395,1,10,3471.91
13079,3,5,220.10000000000002
15205,84,3,648.8299999999999
16616,14,2,500.42
17947,36,1,176.68
14934,72,3,1888.84
18188,14,4,1998.49
15458,24,1,161.64
15571,11,4,650.4300000000001
16116,205,2,592.88
13883,0,6,2538.75
12436,99,1,509.01
18194,63,2,896.0
16384,89,2,584.5
12817,280,1,166.04
17420,49,3,598.83
14916,70,5,1264.84
16494,296,1,826.53
17950,71,4,472.12
13889,92,1,416.90000000000003
15071,93,2,982.07
